name,adx,sl,tp,ts,ses_len,trades,wr,pf,ret,mdd,sharpe
ADX18_SL1.0_TP1.5_TS4_SES13,18,1.0,1.5,4.0,13,0,0.0,0.0,0.0,0.0,0.0
ADX18_SL1.0_TP1.5_TS4_SES11,18,1.0,1.5,4.0,11,0,0.0,0.0,0.0,0.0,0.0
ADX18_SL1.0_TP1.5_TS4_SES9,18,1.0,1.5,4.0,9,0,0.0,0.0,0.0,0.0,0.0
ADX18_SL1.0_TP1.5_TS4_SES5,18,1.0,1.5,4.0,5,0,0.0,0.0,0.0,0.0,0.0
ADX18_SL1.0_TP1.5_TS8_SES13,18,1.0,1.5,8.0,13,0,0.0,0.0,0.0,0.0,0.0
ADX18_SL1.0_TP1.5_TS8_SES11,18,1.0,1.5,8.0,11,0,0.0,0.0,0.0,0.0,0.0
ADX18_SL1.0_TP1.5_TS8_SES9,18,1.0,1.5,8.0,9,0,0.0,0.0,0.0,0.0,0.0
ADX18_SL1.0_TP1.5_TS8_SES5,18,1.0,1.5,8.0,5,0,0.0,0.0,0.0,0.0,0.0
ADX18_SL1.0_TP1.5_TS12_SES13,18,1.0,1.5,12.0,13,0,0.0,0.0,0.0,0.0,0.0
ADX18_SL1.0_TP1.5_TS12_SES11,18,1.0,1.5,12.0,11,0,0.0,0.0,0.0,0.0,0.0
ADX18_SL1.0_TP1.5_TS12_SES9,18,1.0,1.5,12.0,9,0,0.0,0.0,0.0,0.0,0.0
ADX18_SL1.0_TP1.5_TS12_SES5,18,1.0,1.5,12.0,5,0,0.0,0.0,0.0,0.0,0.0
ADX18_SL1.0_TP1.5_TSNone_SES13,18,1.0,1.5,,13,0,0.0,0.0,0.0,0.0,0.0
ADX18_SL1.0_TP1.5_TSNone_SES11,18,1.0,1.5,,11,0,0.0,0.0,0.0,0.0,0.0
ADX18_SL1.0_TP1.5_TSNone_SES9,18,1.0,1.5,,9,0,0.0,0.0,0.0,0.0,0.0
ADX18_SL1.0_TP1.5_TSNone_SES5,18,1.0,1.5,,5,0,0.0,0.0,0.0,0.0,0.0
ADX18_SL1.0_TP2.0_TS4_SES13,18,1.0,2.0,4.0,13,0,0.0,0.0,0.0,0.0,0.0
ADX18_SL1.0_TP2.0_TS4_SES11,18,1.0,2.0,4.0,11,0,0.0,0.0,0.0,0.0,0.0
ADX18_SL1.0_TP2.0_TS4_SES9,18,1.0,2.0,4.0,9,0,0.0,0.0,0.0,0.0,0.0
ADX18_SL1.0_TP2.0_TS4_SES5,18,1.0,2.0,4.0,5,0,0.0,0.0,0.0,0.0,0.0
ADX18_SL1.0_TP2.0_TS8_SES13,18,1.0,2.0,8.0,13,0,0.0,0.0,0.0,0.0,0.0
ADX18_SL1.0_TP2.0_TS8_SES11,18,1.0,2.0,8.0,11,0,0.0,0.0,0.0,0.0,0.0
ADX18_SL1.0_TP2.0_TS8_SES9,18,1.0,2.0,8.0,9,0,0.0,0.0,0.0,0.0,0.0
ADX18_SL1.0_TP2.0_TS8_SES5,18,1.0,2.0,8.0,5,0,0.0,0.0,0.0,0.0,0.0
ADX18_SL1.0_TP2.0_TS12_SES13,18,1.0,2.0,12.0,13,0,0.0,0.0,0.0,0.0,0.0
ADX18_SL1.0_TP2.0_TS12_SES11,18,1.0,2.0,12.0,11,0,0.0,0.0,0.0,0.0,0.0
ADX18_SL1.0_TP2.0_TS12_SES9,18,1.0,2.0,12.0,9,0,0.0,0.0,0.0,0.0,0.0
ADX18_SL1.0_TP2.0_TS12_SES5,18,1.0,2.0,12.0,5,0,0.0,0.0,0.0,0.0,0.0
ADX18_SL1.0_TP2.0_TSNone_SES13,18,1.0,2.0,,13,0,0.0,0.0,0.0,0.0,0.0
ADX18_SL1.0_TP2.0_TSNone_SES11,18,1.0,2.0,,11,0,0.0,0.0,0.0,0.0,0.0
ADX18_SL1.0_TP2.0_TSNone_SES9,18,1.0,2.0,,9,0,0.0,0.0,0.0,0.0,0.0
ADX18_SL1.0_TP2.0_TSNone_SES5,18,1.0,2.0,,5,0,0.0,0.0,0.0,0.0,0.0
ADX18_SL1.0_TP2.5_TS4_SES13,18,1.0,2.5,4.0,13,0,0.0,0.0,0.0,0.0,0.0
ADX18_SL1.0_TP2.5_TS4_SES11,18,1.0,2.5,4.0,11,0,0.0,0.0,0.0,0.0,0.0
ADX18_SL1.0_TP2.5_TS4_SES9,18,1.0,2.5,4.0,9,0,0.0,0.0,0.0,0.0,0.0
ADX18_SL1.0_TP2.5_TS4_SES5,18,1.0,2.5,4.0,5,0,0.0,0.0,0.0,0.0,0.0
ADX18_SL1.0_TP2.5_TS8_SES13,18,1.0,2.5,8.0,13,0,0.0,0.0,0.0,0.0,0.0
ADX18_SL1.0_TP2.5_TS8_SES11,18,1.0,2.5,8.0,11,0,0.0,0.0,0.0,0.0,0.0
ADX18_SL1.0_TP2.5_TS8_SES9,18,1.0,2.5,8.0,9,0,0.0,0.0,0.0,0.0,0.0
ADX18_SL1.0_TP2.5_TS8_SES5,18,1.0,2.5,8.0,5,0,0.0,0.0,0.0,0.0,0.0
ADX18_SL1.0_TP2.5_TS12_SES13,18,1.0,2.5,12.0,13,0,0.0,0.0,0.0,0.0,0.0
ADX18_SL1.0_TP2.5_TS12_SES11,18,1.0,2.5,12.0,11,0,0.0,0.0,0.0,0.0,0.0
ADX18_SL1.0_TP2.5_TS12_SES9,18,1.0,2.5,12.0,9,0,0.0,0.0,0.0,0.0,0.0
ADX18_SL1.0_TP2.5_TS12_SES5,18,1.0,2.5,12.0,5,0,0.0,0.0,0.0,0.0,0.0
ADX18_SL1.0_TP2.5_TSNone_SES13,18,1.0,2.5,,13,0,0.0,0.0,0.0,0.0,0.0
ADX18_SL1.0_TP2.5_TSNone_SES11,18,1.0,2.5,,11,0,0.0,0.0,0.0,0.0,0.0
ADX18_SL1.0_TP2.5_TSNone_SES9,18,1.0,2.5,,9,0,0.0,0.0,0.0,0.0,0.0
ADX18_SL1.0_TP2.5_TSNone_SES5,18,1.0,2.5,,5,0,0.0,0.0,0.0,0.0,0.0
ADX18_SL1.0_TP3.0_TS4_SES13,18,1.0,3.0,4.0,13,0,0.0,0.0,0.0,0.0,0.0
ADX18_SL1.0_TP3.0_TS4_SES11,18,1.0,3.0,4.0,11,0,0.0,0.0,0.0,0.0,0.0
ADX18_SL1.0_TP3.0_TS4_SES9,18,1.0,3.0,4.0,9,0,0.0,0.0,0.0,0.0,0.0
ADX18_SL1.0_TP3.0_TS4_SES5,18,1.0,3.0,4.0,5,0,0.0,0.0,0.0,0.0,0.0
ADX18_SL1.0_TP3.0_TS8_SES13,18,1.0,3.0,8.0,13,0,0.0,0.0,0.0,0.0,0.0
ADX18_SL1.0_TP3.0_TS8_SES11,18,1.0,3.0,8.0,11,0,0.0,0.0,0.0,0.0,0.0
ADX18_SL1.0_TP3.0_TS8_SES9,18,1.0,3.0,8.0,9,0,0.0,0.0,0.0,0.0,0.0
ADX18_SL1.0_TP3.0_TS8_SES5,18,1.0,3.0,8.0,5,0,0.0,0.0,0.0,0.0,0.0
ADX18_SL1.0_TP3.0_TS12_SES13,18,1.0,3.0,12.0,13,0,0.0,0.0,0.0,0.0,0.0
ADX18_SL1.0_TP3.0_TS12_SES11,18,1.0,3.0,12.0,11,0,0.0,0.0,0.0,0.0,0.0
ADX18_SL1.0_TP3.0_TS12_SES9,18,1.0,3.0,12.0,9,0,0.0,0.0,0.0,0.0,0.0
ADX18_SL1.0_TP3.0_TS12_SES5,18,1.0,3.0,12.0,5,0,0.0,0.0,0.0,0.0,0.0
ADX18_SL1.0_TP3.0_TSNone_SES13,18,1.0,3.0,,13,0,0.0,0.0,0.0,0.0,0.0
ADX18_SL1.0_TP3.0_TSNone_SES11,18,1.0,3.0,,11,0,0.0,0.0,0.0,0.0,0.0
ADX18_SL1.0_TP3.0_TSNone_SES9,18,1.0,3.0,,9,0,0.0,0.0,0.0,0.0,0.0
ADX18_SL1.0_TP3.0_TSNone_SES5,18,1.0,3.0,,5,0,0.0,0.0,0.0,0.0,0.0
ADX18_SL1.5_TP1.5_TS4_SES13,18,1.5,1.5,4.0,13,0,0.0,0.0,0.0,0.0,0.0
ADX18_SL1.5_TP1.5_TS4_SES11,18,1.5,1.5,4.0,11,0,0.0,0.0,0.0,0.0,0.0
ADX18_SL1.5_TP1.5_TS4_SES9,18,1.5,1.5,4.0,9,0,0.0,0.0,0.0,0.0,0.0
ADX18_SL1.5_TP1.5_TS4_SES5,18,1.5,1.5,4.0,5,0,0.0,0.0,0.0,0.0,0.0
ADX18_SL1.5_TP1.5_TS8_SES13,18,1.5,1.5,8.0,13,0,0.0,0.0,0.0,0.0,0.0
ADX18_SL1.5_TP1.5_TS8_SES11,18,1.5,1.5,8.0,11,0,0.0,0.0,0.0,0.0,0.0
ADX18_SL1.5_TP1.5_TS8_SES9,18,1.5,1.5,8.0,9,0,0.0,0.0,0.0,0.0,0.0
ADX18_SL1.5_TP1.5_TS8_SES5,18,1.5,1.5,8.0,5,0,0.0,0.0,0.0,0.0,0.0
ADX18_SL1.5_TP1.5_TS12_SES13,18,1.5,1.5,12.0,13,0,0.0,0.0,0.0,0.0,0.0
ADX18_SL1.5_TP1.5_TS12_SES11,18,1.5,1.5,12.0,11,0,0.0,0.0,0.0,0.0,0.0
ADX18_SL1.5_TP1.5_TS12_SES9,18,1.5,1.5,12.0,9,0,0.0,0.0,0.0,0.0,0.0
ADX18_SL1.5_TP1.5_TS12_SES5,18,1.5,1.5,12.0,5,0,0.0,0.0,0.0,0.0,0.0
ADX18_SL1.5_TP1.5_TSNone_SES13,18,1.5,1.5,,13,0,0.0,0.0,0.0,0.0,0.0
ADX18_SL1.5_TP1.5_TSNone_SES11,18,1.5,1.5,,11,0,0.0,0.0,0.0,0.0,0.0
ADX18_SL1.5_TP1.5_TSNone_SES9,18,1.5,1.5,,9,0,0.0,0.0,0.0,0.0,0.0
ADX18_SL1.5_TP1.5_TSNone_SES5,18,1.5,1.5,,5,0,0.0,0.0,0.0,0.0,0.0
ADX18_SL1.5_TP2.0_TS4_SES13,18,1.5,2.0,4.0,13,0,0.0,0.0,0.0,0.0,0.0
ADX18_SL1.5_TP2.0_TS4_SES11,18,1.5,2.0,4.0,11,0,0.0,0.0,0.0,0.0,0.0
ADX18_SL1.5_TP2.0_TS4_SES9,18,1.5,2.0,4.0,9,0,0.0,0.0,0.0,0.0,0.0
ADX18_SL1.5_TP2.0_TS4_SES5,18,1.5,2.0,4.0,5,0,0.0,0.0,0.0,0.0,0.0
ADX18_SL1.5_TP2.0_TS8_SES13,18,1.5,2.0,8.0,13,0,0.0,0.0,0.0,0.0,0.0
ADX18_SL1.5_TP2.0_TS8_SES11,18,1.5,2.0,8.0,11,0,0.0,0.0,0.0,0.0,0.0
ADX18_SL1.5_TP2.0_TS8_SES9,18,1.5,2.0,8.0,9,0,0.0,0.0,0.0,0.0,0.0
ADX18_SL1.5_TP2.0_TS8_SES5,18,1.5,2.0,8.0,5,0,0.0,0.0,0.0,0.0,0.0
ADX18_SL1.5_TP2.0_TS12_SES13,18,1.5,2.0,12.0,13,0,0.0,0.0,0.0,0.0,0.0
ADX18_SL1.5_TP2.0_TS12_SES11,18,1.5,2.0,12.0,11,0,0.0,0.0,0.0,0.0,0.0
ADX18_SL1.5_TP2.0_TS12_SES9,18,1.5,2.0,12.0,9,0,0.0,0.0,0.0,0.0,0.0
ADX18_SL1.5_TP2.0_TS12_SES5,18,1.5,2.0,12.0,5,0,0.0,0.0,0.0,0.0,0.0
ADX18_SL1.5_TP2.0_TSNone_SES13,18,1.5,2.0,,13,0,0.0,0.0,0.0,0.0,0.0
ADX18_SL1.5_TP2.0_TSNone_SES11,18,1.5,2.0,,11,0,0.0,0.0,0.0,0.0,0.0
ADX18_SL1.5_TP2.0_TSNone_SES9,18,1.5,2.0,,9,0,0.0,0.0,0.0,0.0,0.0
ADX18_SL1.5_TP2.0_TSNone_SES5,18,1.5,2.0,,5,0,0.0,0.0,0.0,0.0,0.0
ADX18_SL1.5_TP2.5_TS4_SES13,18,1.5,2.5,4.0,13,0,0.0,0.0,0.0,0.0,0.0
ADX18_SL1.5_TP2.5_TS4_SES11,18,1.5,2.5,4.0,11,0,0.0,0.0,0.0,0.0,0.0
ADX18_SL1.5_TP2.5_TS4_SES9,18,1.5,2.5,4.0,9,0,0.0,0.0,0.0,0.0,0.0
ADX18_SL1.5_TP2.5_TS4_SES5,18,1.5,2.5,4.0,5,0,0.0,0.0,0.0,0.0,0.0
ADX18_SL1.5_TP2.5_TS8_SES13,18,1.5,2.5,8.0,13,0,0.0,0.0,0.0,0.0,0.0
ADX18_SL1.5_TP2.5_TS8_SES11,18,1.5,2.5,8.0,11,0,0.0,0.0,0.0,0.0,0.0
ADX18_SL1.5_TP2.5_TS8_SES9,18,1.5,2.5,8.0,9,0,0.0,0.0,0.0,0.0,0.0
ADX18_SL1.5_TP2.5_TS8_SES5,18,1.5,2.5,8.0,5,0,0.0,0.0,0.0,0.0,0.0
ADX18_SL1.5_TP2.5_TS12_SES13,18,1.5,2.5,12.0,13,0,0.0,0.0,0.0,0.0,0.0
ADX18_SL1.5_TP2.5_TS12_SES11,18,1.5,2.5,12.0,11,0,0.0,0.0,0.0,0.0,0.0
ADX18_SL1.5_TP2.5_TS12_SES9,18,1.5,2.5,12.0,9,0,0.0,0.0,0.0,0.0,0.0
ADX18_SL1.5_TP2.5_TS12_SES5,18,1.5,2.5,12.0,5,0,0.0,0.0,0.0,0.0,0.0
ADX18_SL1.5_TP2.5_TSNone_SES13,18,1.5,2.5,,13,0,0.0,0.0,0.0,0.0,0.0
ADX18_SL1.5_TP2.5_TSNone_SES11,18,1.5,2.5,,11,0,0.0,0.0,0.0,0.0,0.0
ADX18_SL1.5_TP2.5_TSNone_SES9,18,1.5,2.5,,9,0,0.0,0.0,0.0,0.0,0.0
ADX18_SL1.5_TP2.5_TSNone_SES5,18,1.5,2.5,,5,0,0.0,0.0,0.0,0.0,0.0
ADX18_SL1.5_TP3.0_TS4_SES13,18,1.5,3.0,4.0,13,0,0.0,0.0,0.0,0.0,0.0
ADX18_SL1.5_TP3.0_TS4_SES11,18,1.5,3.0,4.0,11,0,0.0,0.0,0.0,0.0,0.0
ADX18_SL1.5_TP3.0_TS4_SES9,18,1.5,3.0,4.0,9,0,0.0,0.0,0.0,0.0,0.0
ADX18_SL1.5_TP3.0_TS4_SES5,18,1.5,3.0,4.0,5,0,0.0,0.0,0.0,0.0,0.0
ADX18_SL1.5_TP3.0_TS8_SES13,18,1.5,3.0,8.0,13,0,0.0,0.0,0.0,0.0,0.0
ADX18_SL1.5_TP3.0_TS8_SES11,18,1.5,3.0,8.0,11,0,0.0,0.0,0.0,0.0,0.0
ADX18_SL1.5_TP3.0_TS8_SES9,18,1.5,3.0,8.0,9,0,0.0,0.0,0.0,0.0,0.0
ADX18_SL1.5_TP3.0_TS8_SES5,18,1.5,3.0,8.0,5,0,0.0,0.0,0.0,0.0,0.0
ADX18_SL1.5_TP3.0_TS12_SES13,18,1.5,3.0,12.0,13,0,0.0,0.0,0.0,0.0,0.0
ADX18_SL1.5_TP3.0_TS12_SES11,18,1.5,3.0,12.0,11,0,0.0,0.0,0.0,0.0,0.0
ADX18_SL1.5_TP3.0_TS12_SES9,18,1.5,3.0,12.0,9,0,0.0,0.0,0.0,0.0,0.0
ADX18_SL1.5_TP3.0_TS12_SES5,18,1.5,3.0,12.0,5,0,0.0,0.0,0.0,0.0,0.0
ADX18_SL1.5_TP3.0_TSNone_SES13,18,1.5,3.0,,13,0,0.0,0.0,0.0,0.0,0.0
ADX18_SL1.5_TP3.0_TSNone_SES11,18,1.5,3.0,,11,0,0.0,0.0,0.0,0.0,0.0
ADX18_SL1.5_TP3.0_TSNone_SES9,18,1.5,3.0,,9,0,0.0,0.0,0.0,0.0,0.0
ADX18_SL1.5_TP3.0_TSNone_SES5,18,1.5,3.0,,5,0,0.0,0.0,0.0,0.0,0.0
ADX18_SL2.0_TP1.5_TS4_SES13,18,2.0,1.5,4.0,13,0,0.0,0.0,0.0,0.0,0.0
ADX18_SL2.0_TP1.5_TS4_SES11,18,2.0,1.5,4.0,11,0,0.0,0.0,0.0,0.0,0.0
ADX18_SL2.0_TP1.5_TS4_SES9,18,2.0,1.5,4.0,9,0,0.0,0.0,0.0,0.0,0.0
ADX18_SL2.0_TP1.5_TS4_SES5,18,2.0,1.5,4.0,5,0,0.0,0.0,0.0,0.0,0.0
ADX18_SL2.0_TP1.5_TS8_SES13,18,2.0,1.5,8.0,13,0,0.0,0.0,0.0,0.0,0.0
ADX18_SL2.0_TP1.5_TS8_SES11,18,2.0,1.5,8.0,11,0,0.0,0.0,0.0,0.0,0.0
ADX18_SL2.0_TP1.5_TS8_SES9,18,2.0,1.5,8.0,9,0,0.0,0.0,0.0,0.0,0.0
ADX18_SL2.0_TP1.5_TS8_SES5,18,2.0,1.5,8.0,5,0,0.0,0.0,0.0,0.0,0.0
ADX18_SL2.0_TP1.5_TS12_SES13,18,2.0,1.5,12.0,13,0,0.0,0.0,0.0,0.0,0.0
ADX18_SL2.0_TP1.5_TS12_SES11,18,2.0,1.5,12.0,11,0,0.0,0.0,0.0,0.0,0.0
ADX18_SL2.0_TP1.5_TS12_SES9,18,2.0,1.5,12.0,9,0,0.0,0.0,0.0,0.0,0.0
ADX18_SL2.0_TP1.5_TS12_SES5,18,2.0,1.5,12.0,5,0,0.0,0.0,0.0,0.0,0.0
ADX18_SL2.0_TP1.5_TSNone_SES13,18,2.0,1.5,,13,0,0.0,0.0,0.0,0.0,0.0
ADX18_SL2.0_TP1.5_TSNone_SES11,18,2.0,1.5,,11,0,0.0,0.0,0.0,0.0,0.0
ADX18_SL2.0_TP1.5_TSNone_SES9,18,2.0,1.5,,9,0,0.0,0.0,0.0,0.0,0.0
ADX18_SL2.0_TP1.5_TSNone_SES5,18,2.0,1.5,,5,0,0.0,0.0,0.0,0.0,0.0
ADX18_SL2.0_TP2.0_TS4_SES13,18,2.0,2.0,4.0,13,0,0.0,0.0,0.0,0.0,0.0
ADX18_SL2.0_TP2.0_TS4_SES11,18,2.0,2.0,4.0,11,0,0.0,0.0,0.0,0.0,0.0
ADX18_SL2.0_TP2.0_TS4_SES9,18,2.0,2.0,4.0,9,0,0.0,0.0,0.0,0.0,0.0
ADX18_SL2.0_TP2.0_TS4_SES5,18,2.0,2.0,4.0,5,0,0.0,0.0,0.0,0.0,0.0
ADX18_SL2.0_TP2.0_TS8_SES13,18,2.0,2.0,8.0,13,0,0.0,0.0,0.0,0.0,0.0
ADX18_SL2.0_TP2.0_TS8_SES11,18,2.0,2.0,8.0,11,0,0.0,0.0,0.0,0.0,0.0
ADX18_SL2.0_TP2.0_TS8_SES9,18,2.0,2.0,8.0,9,0,0.0,0.0,0.0,0.0,0.0
ADX18_SL2.0_TP2.0_TS8_SES5,18,2.0,2.0,8.0,5,0,0.0,0.0,0.0,0.0,0.0
ADX18_SL2.0_TP2.0_TS12_SES13,18,2.0,2.0,12.0,13,0,0.0,0.0,0.0,0.0,0.0
ADX18_SL2.0_TP2.0_TS12_SES11,18,2.0,2.0,12.0,11,0,0.0,0.0,0.0,0.0,0.0
ADX18_SL2.0_TP2.0_TS12_SES9,18,2.0,2.0,12.0,9,0,0.0,0.0,0.0,0.0,0.0
ADX18_SL2.0_TP2.0_TS12_SES5,18,2.0,2.0,12.0,5,0,0.0,0.0,0.0,0.0,0.0
ADX18_SL2.0_TP2.0_TSNone_SES13,18,2.0,2.0,,13,0,0.0,0.0,0.0,0.0,0.0
ADX18_SL2.0_TP2.0_TSNone_SES11,18,2.0,2.0,,11,0,0.0,0.0,0.0,0.0,0.0
ADX18_SL2.0_TP2.0_TSNone_SES9,18,2.0,2.0,,9,0,0.0,0.0,0.0,0.0,0.0
ADX18_SL2.0_TP2.0_TSNone_SES5,18,2.0,2.0,,5,0,0.0,0.0,0.0,0.0,0.0
ADX18_SL2.0_TP2.5_TS4_SES13,18,2.0,2.5,4.0,13,0,0.0,0.0,0.0,0.0,0.0
ADX18_SL2.0_TP2.5_TS4_SES11,18,2.0,2.5,4.0,11,0,0.0,0.0,0.0,0.0,0.0
ADX18_SL2.0_TP2.5_TS4_SES9,18,2.0,2.5,4.0,9,0,0.0,0.0,0.0,0.0,0.0
ADX18_SL2.0_TP2.5_TS4_SES5,18,2.0,2.5,4.0,5,0,0.0,0.0,0.0,0.0,0.0
ADX18_SL2.0_TP2.5_TS8_SES13,18,2.0,2.5,8.0,13,0,0.0,0.0,0.0,0.0,0.0
ADX18_SL2.0_TP2.5_TS8_SES11,18,2.0,2.5,8.0,11,0,0.0,0.0,0.0,0.0,0.0
ADX18_SL2.0_TP2.5_TS8_SES9,18,2.0,2.5,8.0,9,0,0.0,0.0,0.0,0.0,0.0
ADX18_SL2.0_TP2.5_TS8_SES5,18,2.0,2.5,8.0,5,0,0.0,0.0,0.0,0.0,0.0
ADX18_SL2.0_TP2.5_TS12_SES13,18,2.0,2.5,12.0,13,0,0.0,0.0,0.0,0.0,0.0
ADX18_SL2.0_TP2.5_TS12_SES11,18,2.0,2.5,12.0,11,0,0.0,0.0,0.0,0.0,0.0
ADX18_SL2.0_TP2.5_TS12_SES9,18,2.0,2.5,12.0,9,0,0.0,0.0,0.0,0.0,0.0
ADX18_SL2.0_TP2.5_TS12_SES5,18,2.0,2.5,12.0,5,0,0.0,0.0,0.0,0.0,0.0
ADX18_SL2.0_TP2.5_TSNone_SES13,18,2.0,2.5,,13,0,0.0,0.0,0.0,0.0,0.0
ADX18_SL2.0_TP2.5_TSNone_SES11,18,2.0,2.5,,11,0,0.0,0.0,0.0,0.0,0.0
ADX18_SL2.0_TP2.5_TSNone_SES9,18,2.0,2.5,,9,0,0.0,0.0,0.0,0.0,0.0
ADX18_SL2.0_TP2.5_TSNone_SES5,18,2.0,2.5,,5,0,0.0,0.0,0.0,0.0,0.0
ADX18_SL2.0_TP3.0_TS4_SES13,18,2.0,3.0,4.0,13,0,0.0,0.0,0.0,0.0,0.0
ADX18_SL2.0_TP3.0_TS4_SES11,18,2.0,3.0,4.0,11,0,0.0,0.0,0.0,0.0,0.0
ADX18_SL2.0_TP3.0_TS4_SES9,18,2.0,3.0,4.0,9,0,0.0,0.0,0.0,0.0,0.0
ADX18_SL2.0_TP3.0_TS4_SES5,18,2.0,3.0,4.0,5,0,0.0,0.0,0.0,0.0,0.0
ADX18_SL2.0_TP3.0_TS8_SES13,18,2.0,3.0,8.0,13,0,0.0,0.0,0.0,0.0,0.0
ADX18_SL2.0_TP3.0_TS8_SES11,18,2.0,3.0,8.0,11,0,0.0,0.0,0.0,0.0,0.0
ADX18_SL2.0_TP3.0_TS8_SES9,18,2.0,3.0,8.0,9,0,0.0,0.0,0.0,0.0,0.0
ADX18_SL2.0_TP3.0_TS8_SES5,18,2.0,3.0,8.0,5,0,0.0,0.0,0.0,0.0,0.0
ADX18_SL2.0_TP3.0_TS12_SES13,18,2.0,3.0,12.0,13,0,0.0,0.0,0.0,0.0,0.0
ADX18_SL2.0_TP3.0_TS12_SES11,18,2.0,3.0,12.0,11,0,0.0,0.0,0.0,0.0,0.0
ADX18_SL2.0_TP3.0_TS12_SES9,18,2.0,3.0,12.0,9,0,0.0,0.0,0.0,0.0,0.0
ADX18_SL2.0_TP3.0_TS12_SES5,18,2.0,3.0,12.0,5,0,0.0,0.0,0.0,0.0,0.0
ADX18_SL2.0_TP3.0_TSNone_SES13,18,2.0,3.0,,13,0,0.0,0.0,0.0,0.0,0.0
ADX18_SL2.0_TP3.0_TSNone_SES11,18,2.0,3.0,,11,0,0.0,0.0,0.0,0.0,0.0
ADX18_SL2.0_TP3.0_TSNone_SES9,18,2.0,3.0,,9,0,0.0,0.0,0.0,0.0,0.0
ADX18_SL2.0_TP3.0_TSNone_SES5,18,2.0,3.0,,5,0,0.0,0.0,0.0,0.0,0.0
ADX20_SL1.0_TP1.5_TS4_SES13,20,1.0,1.5,4.0,13,0,0.0,0.0,0.0,0.0,0.0
ADX20_SL1.0_TP1.5_TS4_SES11,20,1.0,1.5,4.0,11,0,0.0,0.0,0.0,0.0,0.0
ADX20_SL1.0_TP1.5_TS4_SES9,20,1.0,1.5,4.0,9,0,0.0,0.0,0.0,0.0,0.0
ADX20_SL1.0_TP1.5_TS4_SES5,20,1.0,1.5,4.0,5,0,0.0,0.0,0.0,0.0,0.0
ADX20_SL1.0_TP1.5_TS8_SES13,20,1.0,1.5,8.0,13,0,0.0,0.0,0.0,0.0,0.0
ADX20_SL1.0_TP1.5_TS8_SES11,20,1.0,1.5,8.0,11,0,0.0,0.0,0.0,0.0,0.0
ADX20_SL1.0_TP1.5_TS8_SES9,20,1.0,1.5,8.0,9,0,0.0,0.0,0.0,0.0,0.0
ADX20_SL1.0_TP1.5_TS8_SES5,20,1.0,1.5,8.0,5,0,0.0,0.0,0.0,0.0,0.0
ADX20_SL1.0_TP1.5_TS12_SES13,20,1.0,1.5,12.0,13,0,0.0,0.0,0.0,0.0,0.0
ADX20_SL1.0_TP1.5_TS12_SES11,20,1.0,1.5,12.0,11,0,0.0,0.0,0.0,0.0,0.0
ADX20_SL1.0_TP1.5_TS12_SES9,20,1.0,1.5,12.0,9,0,0.0,0.0,0.0,0.0,0.0
ADX20_SL1.0_TP1.5_TS12_SES5,20,1.0,1.5,12.0,5,0,0.0,0.0,0.0,0.0,0.0
ADX20_SL1.0_TP1.5_TSNone_SES13,20,1.0,1.5,,13,0,0.0,0.0,0.0,0.0,0.0
ADX20_SL1.0_TP1.5_TSNone_SES11,20,1.0,1.5,,11,0,0.0,0.0,0.0,0.0,0.0
ADX20_SL1.0_TP1.5_TSNone_SES9,20,1.0,1.5,,9,0,0.0,0.0,0.0,0.0,0.0
ADX20_SL1.0_TP1.5_TSNone_SES5,20,1.0,1.5,,5,0,0.0,0.0,0.0,0.0,0.0
ADX20_SL1.0_TP2.0_TS4_SES13,20,1.0,2.0,4.0,13,0,0.0,0.0,0.0,0.0,0.0
ADX20_SL1.0_TP2.0_TS4_SES11,20,1.0,2.0,4.0,11,0,0.0,0.0,0.0,0.0,0.0
ADX20_SL1.0_TP2.0_TS4_SES9,20,1.0,2.0,4.0,9,0,0.0,0.0,0.0,0.0,0.0
ADX20_SL1.0_TP2.0_TS4_SES5,20,1.0,2.0,4.0,5,0,0.0,0.0,0.0,0.0,0.0
ADX20_SL1.0_TP2.0_TS8_SES13,20,1.0,2.0,8.0,13,0,0.0,0.0,0.0,0.0,0.0
ADX20_SL1.0_TP2.0_TS8_SES11,20,1.0,2.0,8.0,11,0,0.0,0.0,0.0,0.0,0.0
ADX20_SL1.0_TP2.0_TS8_SES9,20,1.0,2.0,8.0,9,0,0.0,0.0,0.0,0.0,0.0
ADX20_SL1.0_TP2.0_TS8_SES5,20,1.0,2.0,8.0,5,0,0.0,0.0,0.0,0.0,0.0
ADX20_SL1.0_TP2.0_TS12_SES13,20,1.0,2.0,12.0,13,0,0.0,0.0,0.0,0.0,0.0
ADX20_SL1.0_TP2.0_TS12_SES11,20,1.0,2.0,12.0,11,0,0.0,0.0,0.0,0.0,0.0
ADX20_SL1.0_TP2.0_TS12_SES9,20,1.0,2.0,12.0,9,0,0.0,0.0,0.0,0.0,0.0
ADX20_SL1.0_TP2.0_TS12_SES5,20,1.0,2.0,12.0,5,0,0.0,0.0,0.0,0.0,0.0
ADX20_SL1.0_TP2.0_TSNone_SES13,20,1.0,2.0,,13,0,0.0,0.0,0.0,0.0,0.0
ADX20_SL1.0_TP2.0_TSNone_SES11,20,1.0,2.0,,11,0,0.0,0.0,0.0,0.0,0.0
ADX20_SL1.0_TP2.0_TSNone_SES9,20,1.0,2.0,,9,0,0.0,0.0,0.0,0.0,0.0
ADX20_SL1.0_TP2.0_TSNone_SES5,20,1.0,2.0,,5,0,0.0,0.0,0.0,0.0,0.0
ADX20_SL1.0_TP2.5_TS4_SES13,20,1.0,2.5,4.0,13,0,0.0,0.0,0.0,0.0,0.0
ADX20_SL1.0_TP2.5_TS4_SES11,20,1.0,2.5,4.0,11,0,0.0,0.0,0.0,0.0,0.0
ADX20_SL1.0_TP2.5_TS4_SES9,20,1.0,2.5,4.0,9,0,0.0,0.0,0.0,0.0,0.0
ADX20_SL1.0_TP2.5_TS4_SES5,20,1.0,2.5,4.0,5,0,0.0,0.0,0.0,0.0,0.0
ADX20_SL1.0_TP2.5_TS8_SES13,20,1.0,2.5,8.0,13,0,0.0,0.0,0.0,0.0,0.0
ADX20_SL1.0_TP2.5_TS8_SES11,20,1.0,2.5,8.0,11,0,0.0,0.0,0.0,0.0,0.0
ADX20_SL1.0_TP2.5_TS8_SES9,20,1.0,2.5,8.0,9,0,0.0,0.0,0.0,0.0,0.0
ADX20_SL1.0_TP2.5_TS8_SES5,20,1.0,2.5,8.0,5,0,0.0,0.0,0.0,0.0,0.0
ADX20_SL1.0_TP2.5_TS12_SES13,20,1.0,2.5,12.0,13,0,0.0,0.0,0.0,0.0,0.0
ADX20_SL1.0_TP2.5_TS12_SES11,20,1.0,2.5,12.0,11,0,0.0,0.0,0.0,0.0,0.0
ADX20_SL1.0_TP2.5_TS12_SES9,20,1.0,2.5,12.0,9,0,0.0,0.0,0.0,0.0,0.0
ADX20_SL1.0_TP2.5_TS12_SES5,20,1.0,2.5,12.0,5,0,0.0,0.0,0.0,0.0,0.0
ADX20_SL1.0_TP2.5_TSNone_SES13,20,1.0,2.5,,13,0,0.0,0.0,0.0,0.0,0.0
ADX20_SL1.0_TP2.5_TSNone_SES11,20,1.0,2.5,,11,0,0.0,0.0,0.0,0.0,0.0
ADX20_SL1.0_TP2.5_TSNone_SES9,20,1.0,2.5,,9,0,0.0,0.0,0.0,0.0,0.0
ADX20_SL1.0_TP2.5_TSNone_SES5,20,1.0,2.5,,5,0,0.0,0.0,0.0,0.0,0.0
ADX20_SL1.0_TP3.0_TS4_SES13,20,1.0,3.0,4.0,13,0,0.0,0.0,0.0,0.0,0.0
ADX20_SL1.0_TP3.0_TS4_SES11,20,1.0,3.0,4.0,11,0,0.0,0.0,0.0,0.0,0.0
ADX20_SL1.0_TP3.0_TS4_SES9,20,1.0,3.0,4.0,9,0,0.0,0.0,0.0,0.0,0.0
ADX20_SL1.0_TP3.0_TS4_SES5,20,1.0,3.0,4.0,5,0,0.0,0.0,0.0,0.0,0.0
ADX20_SL1.0_TP3.0_TS8_SES13,20,1.0,3.0,8.0,13,0,0.0,0.0,0.0,0.0,0.0
ADX20_SL1.0_TP3.0_TS8_SES11,20,1.0,3.0,8.0,11,0,0.0,0.0,0.0,0.0,0.0
ADX20_SL1.0_TP3.0_TS8_SES9,20,1.0,3.0,8.0,9,0,0.0,0.0,0.0,0.0,0.0
ADX20_SL1.0_TP3.0_TS8_SES5,20,1.0,3.0,8.0,5,0,0.0,0.0,0.0,0.0,0.0
ADX20_SL1.0_TP3.0_TS12_SES13,20,1.0,3.0,12.0,13,0,0.0,0.0,0.0,0.0,0.0
ADX20_SL1.0_TP3.0_TS12_SES11,20,1.0,3.0,12.0,11,0,0.0,0.0,0.0,0.0,0.0
ADX20_SL1.0_TP3.0_TS12_SES9,20,1.0,3.0,12.0,9,0,0.0,0.0,0.0,0.0,0.0
ADX20_SL1.0_TP3.0_TS12_SES5,20,1.0,3.0,12.0,5,0,0.0,0.0,0.0,0.0,0.0
ADX20_SL1.0_TP3.0_TSNone_SES13,20,1.0,3.0,,13,0,0.0,0.0,0.0,0.0,0.0
ADX20_SL1.0_TP3.0_TSNone_SES11,20,1.0,3.0,,11,0,0.0,0.0,0.0,0.0,0.0
ADX20_SL1.0_TP3.0_TSNone_SES9,20,1.0,3.0,,9,0,0.0,0.0,0.0,0.0,0.0
ADX20_SL1.0_TP3.0_TSNone_SES5,20,1.0,3.0,,5,0,0.0,0.0,0.0,0.0,0.0
ADX20_SL1.5_TP1.5_TS4_SES13,20,1.5,1.5,4.0,13,0,0.0,0.0,0.0,0.0,0.0
ADX20_SL1.5_TP1.5_TS4_SES11,20,1.5,1.5,4.0,11,0,0.0,0.0,0.0,0.0,0.0
ADX20_SL1.5_TP1.5_TS4_SES9,20,1.5,1.5,4.0,9,0,0.0,0.0,0.0,0.0,0.0
ADX20_SL1.5_TP1.5_TS4_SES5,20,1.5,1.5,4.0,5,0,0.0,0.0,0.0,0.0,0.0
ADX20_SL1.5_TP1.5_TS8_SES13,20,1.5,1.5,8.0,13,0,0.0,0.0,0.0,0.0,0.0
ADX20_SL1.5_TP1.5_TS8_SES11,20,1.5,1.5,8.0,11,0,0.0,0.0,0.0,0.0,0.0
ADX20_SL1.5_TP1.5_TS8_SES9,20,1.5,1.5,8.0,9,0,0.0,0.0,0.0,0.0,0.0
ADX20_SL1.5_TP1.5_TS8_SES5,20,1.5,1.5,8.0,5,0,0.0,0.0,0.0,0.0,0.0
ADX20_SL1.5_TP1.5_TS12_SES13,20,1.5,1.5,12.0,13,0,0.0,0.0,0.0,0.0,0.0
ADX20_SL1.5_TP1.5_TS12_SES11,20,1.5,1.5,12.0,11,0,0.0,0.0,0.0,0.0,0.0
ADX20_SL1.5_TP1.5_TS12_SES9,20,1.5,1.5,12.0,9,0,0.0,0.0,0.0,0.0,0.0
ADX20_SL1.5_TP1.5_TS12_SES5,20,1.5,1.5,12.0,5,0,0.0,0.0,0.0,0.0,0.0
ADX20_SL1.5_TP1.5_TSNone_SES13,20,1.5,1.5,,13,0,0.0,0.0,0.0,0.0,0.0
ADX20_SL1.5_TP1.5_TSNone_SES11,20,1.5,1.5,,11,0,0.0,0.0,0.0,0.0,0.0
ADX20_SL1.5_TP1.5_TSNone_SES9,20,1.5,1.5,,9,0,0.0,0.0,0.0,0.0,0.0
ADX20_SL1.5_TP1.5_TSNone_SES5,20,1.5,1.5,,5,0,0.0,0.0,0.0,0.0,0.0
ADX20_SL1.5_TP2.0_TS4_SES13,20,1.5,2.0,4.0,13,0,0.0,0.0,0.0,0.0,0.0
ADX20_SL1.5_TP2.0_TS4_SES11,20,1.5,2.0,4.0,11,0,0.0,0.0,0.0,0.0,0.0
ADX20_SL1.5_TP2.0_TS4_SES9,20,1.5,2.0,4.0,9,0,0.0,0.0,0.0,0.0,0.0
ADX20_SL1.5_TP2.0_TS4_SES5,20,1.5,2.0,4.0,5,0,0.0,0.0,0.0,0.0,0.0
ADX20_SL1.5_TP2.0_TS8_SES13,20,1.5,2.0,8.0,13,0,0.0,0.0,0.0,0.0,0.0
ADX20_SL1.5_TP2.0_TS8_SES11,20,1.5,2.0,8.0,11,0,0.0,0.0,0.0,0.0,0.0
ADX20_SL1.5_TP2.0_TS8_SES9,20,1.5,2.0,8.0,9,0,0.0,0.0,0.0,0.0,0.0
ADX20_SL1.5_TP2.0_TS8_SES5,20,1.5,2.0,8.0,5,0,0.0,0.0,0.0,0.0,0.0
ADX20_SL1.5_TP2.0_TS12_SES13,20,1.5,2.0,12.0,13,0,0.0,0.0,0.0,0.0,0.0
ADX20_SL1.5_TP2.0_TS12_SES11,20,1.5,2.0,12.0,11,0,0.0,0.0,0.0,0.0,0.0
ADX20_SL1.5_TP2.0_TS12_SES9,20,1.5,2.0,12.0,9,0,0.0,0.0,0.0,0.0,0.0
ADX20_SL1.5_TP2.0_TS12_SES5,20,1.5,2.0,12.0,5,0,0.0,0.0,0.0,0.0,0.0
ADX20_SL1.5_TP2.0_TSNone_SES13,20,1.5,2.0,,13,0,0.0,0.0,0.0,0.0,0.0
ADX20_SL1.5_TP2.0_TSNone_SES11,20,1.5,2.0,,11,0,0.0,0.0,0.0,0.0,0.0
ADX20_SL1.5_TP2.0_TSNone_SES9,20,1.5,2.0,,9,0,0.0,0.0,0.0,0.0,0.0
ADX20_SL1.5_TP2.0_TSNone_SES5,20,1.5,2.0,,5,0,0.0,0.0,0.0,0.0,0.0
ADX20_SL1.5_TP2.5_TS4_SES13,20,1.5,2.5,4.0,13,0,0.0,0.0,0.0,0.0,0.0
ADX20_SL1.5_TP2.5_TS4_SES11,20,1.5,2.5,4.0,11,0,0.0,0.0,0.0,0.0,0.0
ADX20_SL1.5_TP2.5_TS4_SES9,20,1.5,2.5,4.0,9,0,0.0,0.0,0.0,0.0,0.0
ADX20_SL1.5_TP2.5_TS4_SES5,20,1.5,2.5,4.0,5,0,0.0,0.0,0.0,0.0,0.0
ADX20_SL1.5_TP2.5_TS8_SES13,20,1.5,2.5,8.0,13,0,0.0,0.0,0.0,0.0,0.0
ADX20_SL1.5_TP2.5_TS8_SES11,20,1.5,2.5,8.0,11,0,0.0,0.0,0.0,0.0,0.0
ADX20_SL1.5_TP2.5_TS8_SES9,20,1.5,2.5,8.0,9,0,0.0,0.0,0.0,0.0,0.0
ADX20_SL1.5_TP2.5_TS8_SES5,20,1.5,2.5,8.0,5,0,0.0,0.0,0.0,0.0,0.0
ADX20_SL1.5_TP2.5_TS12_SES13,20,1.5,2.5,12.0,13,0,0.0,0.0,0.0,0.0,0.0
ADX20_SL1.5_TP2.5_TS12_SES11,20,1.5,2.5,12.0,11,0,0.0,0.0,0.0,0.0,0.0
ADX20_SL1.5_TP2.5_TS12_SES9,20,1.5,2.5,12.0,9,0,0.0,0.0,0.0,0.0,0.0
ADX20_SL1.5_TP2.5_TS12_SES5,20,1.5,2.5,12.0,5,0,0.0,0.0,0.0,0.0,0.0
ADX20_SL1.5_TP2.5_TSNone_SES13,20,1.5,2.5,,13,0,0.0,0.0,0.0,0.0,0.0
ADX20_SL1.5_TP2.5_TSNone_SES11,20,1.5,2.5,,11,0,0.0,0.0,0.0,0.0,0.0
ADX20_SL1.5_TP2.5_TSNone_SES9,20,1.5,2.5,,9,0,0.0,0.0,0.0,0.0,0.0
ADX20_SL1.5_TP2.5_TSNone_SES5,20,1.5,2.5,,5,0,0.0,0.0,0.0,0.0,0.0
ADX20_SL1.5_TP3.0_TS4_SES13,20,1.5,3.0,4.0,13,0,0.0,0.0,0.0,0.0,0.0
ADX20_SL1.5_TP3.0_TS4_SES11,20,1.5,3.0,4.0,11,0,0.0,0.0,0.0,0.0,0.0
ADX20_SL1.5_TP3.0_TS4_SES9,20,1.5,3.0,4.0,9,0,0.0,0.0,0.0,0.0,0.0
ADX20_SL1.5_TP3.0_TS4_SES5,20,1.5,3.0,4.0,5,0,0.0,0.0,0.0,0.0,0.0
ADX20_SL1.5_TP3.0_TS8_SES13,20,1.5,3.0,8.0,13,0,0.0,0.0,0.0,0.0,0.0
ADX20_SL1.5_TP3.0_TS8_SES11,20,1.5,3.0,8.0,11,0,0.0,0.0,0.0,0.0,0.0
ADX20_SL1.5_TP3.0_TS8_SES9,20,1.5,3.0,8.0,9,0,0.0,0.0,0.0,0.0,0.0
ADX20_SL1.5_TP3.0_TS8_SES5,20,1.5,3.0,8.0,5,0,0.0,0.0,0.0,0.0,0.0
ADX20_SL1.5_TP3.0_TS12_SES13,20,1.5,3.0,12.0,13,0,0.0,0.0,0.0,0.0,0.0
ADX20_SL1.5_TP3.0_TS12_SES11,20,1.5,3.0,12.0,11,0,0.0,0.0,0.0,0.0,0.0
ADX20_SL1.5_TP3.0_TS12_SES9,20,1.5,3.0,12.0,9,0,0.0,0.0,0.0,0.0,0.0
ADX20_SL1.5_TP3.0_TS12_SES5,20,1.5,3.0,12.0,5,0,0.0,0.0,0.0,0.0,0.0
ADX20_SL1.5_TP3.0_TSNone_SES13,20,1.5,3.0,,13,0,0.0,0.0,0.0,0.0,0.0
ADX20_SL1.5_TP3.0_TSNone_SES11,20,1.5,3.0,,11,0,0.0,0.0,0.0,0.0,0.0
ADX20_SL1.5_TP3.0_TSNone_SES9,20,1.5,3.0,,9,0,0.0,0.0,0.0,0.0,0.0
ADX20_SL1.5_TP3.0_TSNone_SES5,20,1.5,3.0,,5,0,0.0,0.0,0.0,0.0,0.0
ADX20_SL2.0_TP1.5_TS4_SES13,20,2.0,1.5,4.0,13,0,0.0,0.0,0.0,0.0,0.0
ADX20_SL2.0_TP1.5_TS4_SES11,20,2.0,1.5,4.0,11,0,0.0,0.0,0.0,0.0,0.0
ADX20_SL2.0_TP1.5_TS4_SES9,20,2.0,1.5,4.0,9,0,0.0,0.0,0.0,0.0,0.0
ADX20_SL2.0_TP1.5_TS4_SES5,20,2.0,1.5,4.0,5,0,0.0,0.0,0.0,0.0,0.0
ADX20_SL2.0_TP1.5_TS8_SES13,20,2.0,1.5,8.0,13,0,0.0,0.0,0.0,0.0,0.0
ADX20_SL2.0_TP1.5_TS8_SES11,20,2.0,1.5,8.0,11,0,0.0,0.0,0.0,0.0,0.0
ADX20_SL2.0_TP1.5_TS8_SES9,20,2.0,1.5,8.0,9,0,0.0,0.0,0.0,0.0,0.0
ADX20_SL2.0_TP1.5_TS8_SES5,20,2.0,1.5,8.0,5,0,0.0,0.0,0.0,0.0,0.0
ADX20_SL2.0_TP1.5_TS12_SES13,20,2.0,1.5,12.0,13,0,0.0,0.0,0.0,0.0,0.0
ADX20_SL2.0_TP1.5_TS12_SES11,20,2.0,1.5,12.0,11,0,0.0,0.0,0.0,0.0,0.0
ADX20_SL2.0_TP1.5_TS12_SES9,20,2.0,1.5,12.0,9,0,0.0,0.0,0.0,0.0,0.0
ADX20_SL2.0_TP1.5_TS12_SES5,20,2.0,1.5,12.0,5,0,0.0,0.0,0.0,0.0,0.0
ADX20_SL2.0_TP1.5_TSNone_SES13,20,2.0,1.5,,13,0,0.0,0.0,0.0,0.0,0.0
ADX20_SL2.0_TP1.5_TSNone_SES11,20,2.0,1.5,,11,0,0.0,0.0,0.0,0.0,0.0
ADX20_SL2.0_TP1.5_TSNone_SES9,20,2.0,1.5,,9,0,0.0,0.0,0.0,0.0,0.0
ADX20_SL2.0_TP1.5_TSNone_SES5,20,2.0,1.5,,5,0,0.0,0.0,0.0,0.0,0.0
ADX20_SL2.0_TP2.0_TS4_SES13,20,2.0,2.0,4.0,13,0,0.0,0.0,0.0,0.0,0.0
ADX20_SL2.0_TP2.0_TS4_SES11,20,2.0,2.0,4.0,11,0,0.0,0.0,0.0,0.0,0.0
ADX20_SL2.0_TP2.0_TS4_SES9,20,2.0,2.0,4.0,9,0,0.0,0.0,0.0,0.0,0.0
ADX20_SL2.0_TP2.0_TS4_SES5,20,2.0,2.0,4.0,5,0,0.0,0.0,0.0,0.0,0.0
ADX20_SL2.0_TP2.0_TS8_SES13,20,2.0,2.0,8.0,13,0,0.0,0.0,0.0,0.0,0.0
ADX20_SL2.0_TP2.0_TS8_SES11,20,2.0,2.0,8.0,11,0,0.0,0.0,0.0,0.0,0.0
ADX20_SL2.0_TP2.0_TS8_SES9,20,2.0,2.0,8.0,9,0,0.0,0.0,0.0,0.0,0.0
ADX20_SL2.0_TP2.0_TS8_SES5,20,2.0,2.0,8.0,5,0,0.0,0.0,0.0,0.0,0.0
ADX20_SL2.0_TP2.0_TS12_SES13,20,2.0,2.0,12.0,13,0,0.0,0.0,0.0,0.0,0.0
ADX20_SL2.0_TP2.0_TS12_SES11,20,2.0,2.0,12.0,11,0,0.0,0.0,0.0,0.0,0.0
ADX20_SL2.0_TP2.0_TS12_SES9,20,2.0,2.0,12.0,9,0,0.0,0.0,0.0,0.0,0.0
ADX20_SL2.0_TP2.0_TS12_SES5,20,2.0,2.0,12.0,5,0,0.0,0.0,0.0,0.0,0.0
ADX20_SL2.0_TP2.0_TSNone_SES13,20,2.0,2.0,,13,0,0.0,0.0,0.0,0.0,0.0
ADX20_SL2.0_TP2.0_TSNone_SES11,20,2.0,2.0,,11,0,0.0,0.0,0.0,0.0,0.0
ADX20_SL2.0_TP2.0_TSNone_SES9,20,2.0,2.0,,9,0,0.0,0.0,0.0,0.0,0.0
ADX20_SL2.0_TP2.0_TSNone_SES5,20,2.0,2.0,,5,0,0.0,0.0,0.0,0.0,0.0
ADX20_SL2.0_TP2.5_TS4_SES13,20,2.0,2.5,4.0,13,0,0.0,0.0,0.0,0.0,0.0
ADX20_SL2.0_TP2.5_TS4_SES11,20,2.0,2.5,4.0,11,0,0.0,0.0,0.0,0.0,0.0
ADX20_SL2.0_TP2.5_TS4_SES9,20,2.0,2.5,4.0,9,0,0.0,0.0,0.0,0.0,0.0
ADX20_SL2.0_TP2.5_TS4_SES5,20,2.0,2.5,4.0,5,0,0.0,0.0,0.0,0.0,0.0
ADX20_SL2.0_TP2.5_TS8_SES13,20,2.0,2.5,8.0,13,0,0.0,0.0,0.0,0.0,0.0
ADX20_SL2.0_TP2.5_TS8_SES11,20,2.0,2.5,8.0,11,0,0.0,0.0,0.0,0.0,0.0
ADX20_SL2.0_TP2.5_TS8_SES9,20,2.0,2.5,8.0,9,0,0.0,0.0,0.0,0.0,0.0
ADX20_SL2.0_TP2.5_TS8_SES5,20,2.0,2.5,8.0,5,0,0.0,0.0,0.0,0.0,0.0
ADX20_SL2.0_TP2.5_TS12_SES13,20,2.0,2.5,12.0,13,0,0.0,0.0,0.0,0.0,0.0
ADX20_SL2.0_TP2.5_TS12_SES11,20,2.0,2.5,12.0,11,0,0.0,0.0,0.0,0.0,0.0
ADX20_SL2.0_TP2.5_TS12_SES9,20,2.0,2.5,12.0,9,0,0.0,0.0,0.0,0.0,0.0
ADX20_SL2.0_TP2.5_TS12_SES5,20,2.0,2.5,12.0,5,0,0.0,0.0,0.0,0.0,0.0
ADX20_SL2.0_TP2.5_TSNone_SES13,20,2.0,2.5,,13,0,0.0,0.0,0.0,0.0,0.0
ADX20_SL2.0_TP2.5_TSNone_SES11,20,2.0,2.5,,11,0,0.0,0.0,0.0,0.0,0.0
ADX20_SL2.0_TP2.5_TSNone_SES9,20,2.0,2.5,,9,0,0.0,0.0,0.0,0.0,0.0
ADX20_SL2.0_TP2.5_TSNone_SES5,20,2.0,2.5,,5,0,0.0,0.0,0.0,0.0,0.0
ADX20_SL2.0_TP3.0_TS4_SES13,20,2.0,3.0,4.0,13,0,0.0,0.0,0.0,0.0,0.0
ADX20_SL2.0_TP3.0_TS4_SES11,20,2.0,3.0,4.0,11,0,0.0,0.0,0.0,0.0,0.0
ADX20_SL2.0_TP3.0_TS4_SES9,20,2.0,3.0,4.0,9,0,0.0,0.0,0.0,0.0,0.0
ADX20_SL2.0_TP3.0_TS4_SES5,20,2.0,3.0,4.0,5,0,0.0,0.0,0.0,0.0,0.0
ADX20_SL2.0_TP3.0_TS8_SES13,20,2.0,3.0,8.0,13,0,0.0,0.0,0.0,0.0,0.0
ADX20_SL2.0_TP3.0_TS8_SES11,20,2.0,3.0,8.0,11,0,0.0,0.0,0.0,0.0,0.0
ADX20_SL2.0_TP3.0_TS8_SES9,20,2.0,3.0,8.0,9,0,0.0,0.0,0.0,0.0,0.0
ADX20_SL2.0_TP3.0_TS8_SES5,20,2.0,3.0,8.0,5,0,0.0,0.0,0.0,0.0,0.0
ADX20_SL2.0_TP3.0_TS12_SES13,20,2.0,3.0,12.0,13,0,0.0,0.0,0.0,0.0,0.0
ADX20_SL2.0_TP3.0_TS12_SES11,20,2.0,3.0,12.0,11,0,0.0,0.0,0.0,0.0,0.0
ADX20_SL2.0_TP3.0_TS12_SES9,20,2.0,3.0,12.0,9,0,0.0,0.0,0.0,0.0,0.0
ADX20_SL2.0_TP3.0_TS12_SES5,20,2.0,3.0,12.0,5,0,0.0,0.0,0.0,0.0,0.0
ADX20_SL2.0_TP3.0_TSNone_SES13,20,2.0,3.0,,13,0,0.0,0.0,0.0,0.0,0.0
ADX20_SL2.0_TP3.0_TSNone_SES11,20,2.0,3.0,,11,0,0.0,0.0,0.0,0.0,0.0
ADX20_SL2.0_TP3.0_TSNone_SES9,20,2.0,3.0,,9,0,0.0,0.0,0.0,0.0,0.0
ADX20_SL2.0_TP3.0_TSNone_SES5,20,2.0,3.0,,5,0,0.0,0.0,0.0,0.0,0.0
ADX22_SL1.0_TP1.5_TS4_SES13,22,1.0,1.5,4.0,13,0,0.0,0.0,0.0,0.0,0.0
ADX22_SL1.0_TP1.5_TS4_SES11,22,1.0,1.5,4.0,11,0,0.0,0.0,0.0,0.0,0.0
ADX22_SL1.0_TP1.5_TS4_SES9,22,1.0,1.5,4.0,9,0,0.0,0.0,0.0,0.0,0.0
ADX22_SL1.0_TP1.5_TS4_SES5,22,1.0,1.5,4.0,5,0,0.0,0.0,0.0,0.0,0.0
ADX22_SL1.0_TP1.5_TS8_SES13,22,1.0,1.5,8.0,13,0,0.0,0.0,0.0,0.0,0.0
ADX22_SL1.0_TP1.5_TS8_SES11,22,1.0,1.5,8.0,11,0,0.0,0.0,0.0,0.0,0.0
ADX22_SL1.0_TP1.5_TS8_SES9,22,1.0,1.5,8.0,9,0,0.0,0.0,0.0,0.0,0.0
ADX22_SL1.0_TP1.5_TS8_SES5,22,1.0,1.5,8.0,5,0,0.0,0.0,0.0,0.0,0.0
ADX22_SL1.0_TP1.5_TS12_SES13,22,1.0,1.5,12.0,13,0,0.0,0.0,0.0,0.0,0.0
ADX22_SL1.0_TP1.5_TS12_SES11,22,1.0,1.5,12.0,11,0,0.0,0.0,0.0,0.0,0.0
ADX22_SL1.0_TP1.5_TS12_SES9,22,1.0,1.5,12.0,9,0,0.0,0.0,0.0,0.0,0.0
ADX22_SL1.0_TP1.5_TS12_SES5,22,1.0,1.5,12.0,5,0,0.0,0.0,0.0,0.0,0.0
ADX22_SL1.0_TP1.5_TSNone_SES13,22,1.0,1.5,,13,0,0.0,0.0,0.0,0.0,0.0
ADX22_SL1.0_TP1.5_TSNone_SES11,22,1.0,1.5,,11,0,0.0,0.0,0.0,0.0,0.0
ADX22_SL1.0_TP1.5_TSNone_SES9,22,1.0,1.5,,9,0,0.0,0.0,0.0,0.0,0.0
ADX22_SL1.0_TP1.5_TSNone_SES5,22,1.0,1.5,,5,0,0.0,0.0,0.0,0.0,0.0
ADX22_SL1.0_TP2.0_TS4_SES13,22,1.0,2.0,4.0,13,0,0.0,0.0,0.0,0.0,0.0
ADX22_SL1.0_TP2.0_TS4_SES11,22,1.0,2.0,4.0,11,0,0.0,0.0,0.0,0.0,0.0
ADX22_SL1.0_TP2.0_TS4_SES9,22,1.0,2.0,4.0,9,0,0.0,0.0,0.0,0.0,0.0
ADX22_SL1.0_TP2.0_TS4_SES5,22,1.0,2.0,4.0,5,0,0.0,0.0,0.0,0.0,0.0
ADX22_SL1.0_TP2.0_TS8_SES13,22,1.0,2.0,8.0,13,0,0.0,0.0,0.0,0.0,0.0
ADX22_SL1.0_TP2.0_TS8_SES11,22,1.0,2.0,8.0,11,0,0.0,0.0,0.0,0.0,0.0
ADX22_SL1.0_TP2.0_TS8_SES9,22,1.0,2.0,8.0,9,0,0.0,0.0,0.0,0.0,0.0
ADX22_SL1.0_TP2.0_TS8_SES5,22,1.0,2.0,8.0,5,0,0.0,0.0,0.0,0.0,0.0
ADX22_SL1.0_TP2.0_TS12_SES13,22,1.0,2.0,12.0,13,0,0.0,0.0,0.0,0.0,0.0
ADX22_SL1.0_TP2.0_TS12_SES11,22,1.0,2.0,12.0,11,0,0.0,0.0,0.0,0.0,0.0
ADX22_SL1.0_TP2.0_TS12_SES9,22,1.0,2.0,12.0,9,0,0.0,0.0,0.0,0.0,0.0
ADX22_SL1.0_TP2.0_TS12_SES5,22,1.0,2.0,12.0,5,0,0.0,0.0,0.0,0.0,0.0
ADX22_SL1.0_TP2.0_TSNone_SES13,22,1.0,2.0,,13,0,0.0,0.0,0.0,0.0,0.0
ADX22_SL1.0_TP2.0_TSNone_SES11,22,1.0,2.0,,11,0,0.0,0.0,0.0,0.0,0.0
ADX22_SL1.0_TP2.0_TSNone_SES9,22,1.0,2.0,,9,0,0.0,0.0,0.0,0.0,0.0
ADX22_SL1.0_TP2.0_TSNone_SES5,22,1.0,2.0,,5,0,0.0,0.0,0.0,0.0,0.0
ADX22_SL1.0_TP2.5_TS4_SES13,22,1.0,2.5,4.0,13,0,0.0,0.0,0.0,0.0,0.0
ADX22_SL1.0_TP2.5_TS4_SES11,22,1.0,2.5,4.0,11,0,0.0,0.0,0.0,0.0,0.0
ADX22_SL1.0_TP2.5_TS4_SES9,22,1.0,2.5,4.0,9,0,0.0,0.0,0.0,0.0,0.0
ADX22_SL1.0_TP2.5_TS4_SES5,22,1.0,2.5,4.0,5,0,0.0,0.0,0.0,0.0,0.0
ADX22_SL1.0_TP2.5_TS8_SES13,22,1.0,2.5,8.0,13,0,0.0,0.0,0.0,0.0,0.0
ADX22_SL1.0_TP2.5_TS8_SES11,22,1.0,2.5,8.0,11,0,0.0,0.0,0.0,0.0,0.0
ADX22_SL1.0_TP2.5_TS8_SES9,22,1.0,2.5,8.0,9,0,0.0,0.0,0.0,0.0,0.0
ADX22_SL1.0_TP2.5_TS8_SES5,22,1.0,2.5,8.0,5,0,0.0,0.0,0.0,0.0,0.0
ADX22_SL1.0_TP2.5_TS12_SES13,22,1.0,2.5,12.0,13,0,0.0,0.0,0.0,0.0,0.0
ADX22_SL1.0_TP2.5_TS12_SES11,22,1.0,2.5,12.0,11,0,0.0,0.0,0.0,0.0,0.0
ADX22_SL1.0_TP2.5_TS12_SES9,22,1.0,2.5,12.0,9,0,0.0,0.0,0.0,0.0,0.0
ADX22_SL1.0_TP2.5_TS12_SES5,22,1.0,2.5,12.0,5,0,0.0,0.0,0.0,0.0,0.0
ADX22_SL1.0_TP2.5_TSNone_SES13,22,1.0,2.5,,13,0,0.0,0.0,0.0,0.0,0.0
ADX22_SL1.0_TP2.5_TSNone_SES11,22,1.0,2.5,,11,0,0.0,0.0,0.0,0.0,0.0
ADX22_SL1.0_TP2.5_TSNone_SES9,22,1.0,2.5,,9,0,0.0,0.0,0.0,0.0,0.0
ADX22_SL1.0_TP2.5_TSNone_SES5,22,1.0,2.5,,5,0,0.0,0.0,0.0,0.0,0.0
ADX22_SL1.0_TP3.0_TS4_SES13,22,1.0,3.0,4.0,13,0,0.0,0.0,0.0,0.0,0.0
ADX22_SL1.0_TP3.0_TS4_SES11,22,1.0,3.0,4.0,11,0,0.0,0.0,0.0,0.0,0.0
ADX22_SL1.0_TP3.0_TS4_SES9,22,1.0,3.0,4.0,9,0,0.0,0.0,0.0,0.0,0.0
ADX22_SL1.0_TP3.0_TS4_SES5,22,1.0,3.0,4.0,5,0,0.0,0.0,0.0,0.0,0.0
ADX22_SL1.0_TP3.0_TS8_SES13,22,1.0,3.0,8.0,13,0,0.0,0.0,0.0,0.0,0.0
ADX22_SL1.0_TP3.0_TS8_SES11,22,1.0,3.0,8.0,11,0,0.0,0.0,0.0,0.0,0.0
ADX22_SL1.0_TP3.0_TS8_SES9,22,1.0,3.0,8.0,9,0,0.0,0.0,0.0,0.0,0.0
ADX22_SL1.0_TP3.0_TS8_SES5,22,1.0,3.0,8.0,5,0,0.0,0.0,0.0,0.0,0.0
ADX22_SL1.0_TP3.0_TS12_SES13,22,1.0,3.0,12.0,13,0,0.0,0.0,0.0,0.0,0.0
ADX22_SL1.0_TP3.0_TS12_SES11,22,1.0,3.0,12.0,11,0,0.0,0.0,0.0,0.0,0.0
ADX22_SL1.0_TP3.0_TS12_SES9,22,1.0,3.0,12.0,9,0,0.0,0.0,0.0,0.0,0.0
ADX22_SL1.0_TP3.0_TS12_SES5,22,1.0,3.0,12.0,5,0,0.0,0.0,0.0,0.0,0.0
ADX22_SL1.0_TP3.0_TSNone_SES13,22,1.0,3.0,,13,0,0.0,0.0,0.0,0.0,0.0
ADX22_SL1.0_TP3.0_TSNone_SES11,22,1.0,3.0,,11,0,0.0,0.0,0.0,0.0,0.0
ADX22_SL1.0_TP3.0_TSNone_SES9,22,1.0,3.0,,9,0,0.0,0.0,0.0,0.0,0.0
ADX22_SL1.0_TP3.0_TSNone_SES5,22,1.0,3.0,,5,0,0.0,0.0,0.0,0.0,0.0
ADX22_SL1.5_TP1.5_TS4_SES13,22,1.5,1.5,4.0,13,0,0.0,0.0,0.0,0.0,0.0
ADX22_SL1.5_TP1.5_TS4_SES11,22,1.5,1.5,4.0,11,0,0.0,0.0,0.0,0.0,0.0
ADX22_SL1.5_TP1.5_TS4_SES9,22,1.5,1.5,4.0,9,0,0.0,0.0,0.0,0.0,0.0
ADX22_SL1.5_TP1.5_TS4_SES5,22,1.5,1.5,4.0,5,0,0.0,0.0,0.0,0.0,0.0
ADX22_SL1.5_TP1.5_TS8_SES13,22,1.5,1.5,8.0,13,0,0.0,0.0,0.0,0.0,0.0
ADX22_SL1.5_TP1.5_TS8_SES11,22,1.5,1.5,8.0,11,0,0.0,0.0,0.0,0.0,0.0
ADX22_SL1.5_TP1.5_TS8_SES9,22,1.5,1.5,8.0,9,0,0.0,0.0,0.0,0.0,0.0
ADX22_SL1.5_TP1.5_TS8_SES5,22,1.5,1.5,8.0,5,0,0.0,0.0,0.0,0.0,0.0
ADX22_SL1.5_TP1.5_TS12_SES13,22,1.5,1.5,12.0,13,0,0.0,0.0,0.0,0.0,0.0
ADX22_SL1.5_TP1.5_TS12_SES11,22,1.5,1.5,12.0,11,0,0.0,0.0,0.0,0.0,0.0
ADX22_SL1.5_TP1.5_TS12_SES9,22,1.5,1.5,12.0,9,0,0.0,0.0,0.0,0.0,0.0
ADX22_SL1.5_TP1.5_TS12_SES5,22,1.5,1.5,12.0,5,0,0.0,0.0,0.0,0.0,0.0
ADX22_SL1.5_TP1.5_TSNone_SES13,22,1.5,1.5,,13,0,0.0,0.0,0.0,0.0,0.0
ADX22_SL1.5_TP1.5_TSNone_SES11,22,1.5,1.5,,11,0,0.0,0.0,0.0,0.0,0.0
ADX22_SL1.5_TP1.5_TSNone_SES9,22,1.5,1.5,,9,0,0.0,0.0,0.0,0.0,0.0
ADX22_SL1.5_TP1.5_TSNone_SES5,22,1.5,1.5,,5,0,0.0,0.0,0.0,0.0,0.0
ADX22_SL1.5_TP2.0_TS4_SES13,22,1.5,2.0,4.0,13,0,0.0,0.0,0.0,0.0,0.0
ADX22_SL1.5_TP2.0_TS4_SES11,22,1.5,2.0,4.0,11,0,0.0,0.0,0.0,0.0,0.0
ADX22_SL1.5_TP2.0_TS4_SES9,22,1.5,2.0,4.0,9,0,0.0,0.0,0.0,0.0,0.0
ADX22_SL1.5_TP2.0_TS4_SES5,22,1.5,2.0,4.0,5,0,0.0,0.0,0.0,0.0,0.0
ADX22_SL1.5_TP2.0_TS8_SES13,22,1.5,2.0,8.0,13,0,0.0,0.0,0.0,0.0,0.0
ADX22_SL1.5_TP2.0_TS8_SES11,22,1.5,2.0,8.0,11,0,0.0,0.0,0.0,0.0,0.0
ADX22_SL1.5_TP2.0_TS8_SES9,22,1.5,2.0,8.0,9,0,0.0,0.0,0.0,0.0,0.0
ADX22_SL1.5_TP2.0_TS8_SES5,22,1.5,2.0,8.0,5,0,0.0,0.0,0.0,0.0,0.0
ADX22_SL1.5_TP2.0_TS12_SES13,22,1.5,2.0,12.0,13,0,0.0,0.0,0.0,0.0,0.0
ADX22_SL1.5_TP2.0_TS12_SES11,22,1.5,2.0,12.0,11,0,0.0,0.0,0.0,0.0,0.0
ADX22_SL1.5_TP2.0_TS12_SES9,22,1.5,2.0,12.0,9,0,0.0,0.0,0.0,0.0,0.0
ADX22_SL1.5_TP2.0_TS12_SES5,22,1.5,2.0,12.0,5,0,0.0,0.0,0.0,0.0,0.0
ADX22_SL1.5_TP2.0_TSNone_SES13,22,1.5,2.0,,13,0,0.0,0.0,0.0,0.0,0.0
ADX22_SL1.5_TP2.0_TSNone_SES11,22,1.5,2.0,,11,0,0.0,0.0,0.0,0.0,0.0
ADX22_SL1.5_TP2.0_TSNone_SES9,22,1.5,2.0,,9,0,0.0,0.0,0.0,0.0,0.0
ADX22_SL1.5_TP2.0_TSNone_SES5,22,1.5,2.0,,5,0,0.0,0.0,0.0,0.0,0.0
ADX22_SL1.5_TP2.5_TS4_SES13,22,1.5,2.5,4.0,13,0,0.0,0.0,0.0,0.0,0.0
ADX22_SL1.5_TP2.5_TS4_SES11,22,1.5,2.5,4.0,11,0,0.0,0.0,0.0,0.0,0.0
ADX22_SL1.5_TP2.5_TS4_SES9,22,1.5,2.5,4.0,9,0,0.0,0.0,0.0,0.0,0.0
ADX22_SL1.5_TP2.5_TS4_SES5,22,1.5,2.5,4.0,5,0,0.0,0.0,0.0,0.0,0.0
ADX22_SL1.5_TP2.5_TS8_SES13,22,1.5,2.5,8.0,13,0,0.0,0.0,0.0,0.0,0.0
ADX22_SL1.5_TP2.5_TS8_SES11,22,1.5,2.5,8.0,11,0,0.0,0.0,0.0,0.0,0.0
ADX22_SL1.5_TP2.5_TS8_SES9,22,1.5,2.5,8.0,9,0,0.0,0.0,0.0,0.0,0.0
ADX22_SL1.5_TP2.5_TS8_SES5,22,1.5,2.5,8.0,5,0,0.0,0.0,0.0,0.0,0.0
ADX22_SL1.5_TP2.5_TS12_SES13,22,1.5,2.5,12.0,13,0,0.0,0.0,0.0,0.0,0.0
ADX22_SL1.5_TP2.5_TS12_SES11,22,1.5,2.5,12.0,11,0,0.0,0.0,0.0,0.0,0.0
ADX22_SL1.5_TP2.5_TS12_SES9,22,1.5,2.5,12.0,9,0,0.0,0.0,0.0,0.0,0.0
ADX22_SL1.5_TP2.5_TS12_SES5,22,1.5,2.5,12.0,5,0,0.0,0.0,0.0,0.0,0.0
ADX22_SL1.5_TP2.5_TSNone_SES13,22,1.5,2.5,,13,0,0.0,0.0,0.0,0.0,0.0
ADX22_SL1.5_TP2.5_TSNone_SES11,22,1.5,2.5,,11,0,0.0,0.0,0.0,0.0,0.0
ADX22_SL1.5_TP2.5_TSNone_SES9,22,1.5,2.5,,9,0,0.0,0.0,0.0,0.0,0.0
ADX22_SL1.5_TP2.5_TSNone_SES5,22,1.5,2.5,,5,0,0.0,0.0,0.0,0.0,0.0
ADX22_SL1.5_TP3.0_TS4_SES13,22,1.5,3.0,4.0,13,0,0.0,0.0,0.0,0.0,0.0
ADX22_SL1.5_TP3.0_TS4_SES11,22,1.5,3.0,4.0,11,0,0.0,0.0,0.0,0.0,0.0
ADX22_SL1.5_TP3.0_TS4_SES9,22,1.5,3.0,4.0,9,0,0.0,0.0,0.0,0.0,0.0
ADX22_SL1.5_TP3.0_TS4_SES5,22,1.5,3.0,4.0,5,0,0.0,0.0,0.0,0.0,0.0
ADX22_SL1.5_TP3.0_TS8_SES13,22,1.5,3.0,8.0,13,0,0.0,0.0,0.0,0.0,0.0
ADX22_SL1.5_TP3.0_TS8_SES11,22,1.5,3.0,8.0,11,0,0.0,0.0,0.0,0.0,0.0
ADX22_SL1.5_TP3.0_TS8_SES9,22,1.5,3.0,8.0,9,0,0.0,0.0,0.0,0.0,0.0
ADX22_SL1.5_TP3.0_TS8_SES5,22,1.5,3.0,8.0,5,0,0.0,0.0,0.0,0.0,0.0
ADX22_SL1.5_TP3.0_TS12_SES13,22,1.5,3.0,12.0,13,0,0.0,0.0,0.0,0.0,0.0
ADX22_SL1.5_TP3.0_TS12_SES11,22,1.5,3.0,12.0,11,0,0.0,0.0,0.0,0.0,0.0
ADX22_SL1.5_TP3.0_TS12_SES9,22,1.5,3.0,12.0,9,0,0.0,0.0,0.0,0.0,0.0
ADX22_SL1.5_TP3.0_TS12_SES5,22,1.5,3.0,12.0,5,0,0.0,0.0,0.0,0.0,0.0
ADX22_SL1.5_TP3.0_TSNone_SES13,22,1.5,3.0,,13,0,0.0,0.0,0.0,0.0,0.0
ADX22_SL1.5_TP3.0_TSNone_SES11,22,1.5,3.0,,11,0,0.0,0.0,0.0,0.0,0.0
ADX22_SL1.5_TP3.0_TSNone_SES9,22,1.5,3.0,,9,0,0.0,0.0,0.0,0.0,0.0
ADX22_SL1.5_TP3.0_TSNone_SES5,22,1.5,3.0,,5,0,0.0,0.0,0.0,0.0,0.0
ADX22_SL2.0_TP1.5_TS4_SES13,22,2.0,1.5,4.0,13,0,0.0,0.0,0.0,0.0,0.0
ADX22_SL2.0_TP1.5_TS4_SES11,22,2.0,1.5,4.0,11,0,0.0,0.0,0.0,0.0,0.0
ADX22_SL2.0_TP1.5_TS4_SES9,22,2.0,1.5,4.0,9,0,0.0,0.0,0.0,0.0,0.0
ADX22_SL2.0_TP1.5_TS4_SES5,22,2.0,1.5,4.0,5,0,0.0,0.0,0.0,0.0,0.0
ADX22_SL2.0_TP1.5_TS8_SES13,22,2.0,1.5,8.0,13,0,0.0,0.0,0.0,0.0,0.0
ADX22_SL2.0_TP1.5_TS8_SES11,22,2.0,1.5,8.0,11,0,0.0,0.0,0.0,0.0,0.0
ADX22_SL2.0_TP1.5_TS8_SES9,22,2.0,1.5,8.0,9,0,0.0,0.0,0.0,0.0,0.0
ADX22_SL2.0_TP1.5_TS8_SES5,22,2.0,1.5,8.0,5,0,0.0,0.0,0.0,0.0,0.0
ADX22_SL2.0_TP1.5_TS12_SES13,22,2.0,1.5,12.0,13,0,0.0,0.0,0.0,0.0,0.0
ADX22_SL2.0_TP1.5_TS12_SES11,22,2.0,1.5,12.0,11,0,0.0,0.0,0.0,0.0,0.0
ADX22_SL2.0_TP1.5_TS12_SES9,22,2.0,1.5,12.0,9,0,0.0,0.0,0.0,0.0,0.0
ADX22_SL2.0_TP1.5_TS12_SES5,22,2.0,1.5,12.0,5,0,0.0,0.0,0.0,0.0,0.0
ADX22_SL2.0_TP1.5_TSNone_SES13,22,2.0,1.5,,13,0,0.0,0.0,0.0,0.0,0.0
ADX22_SL2.0_TP1.5_TSNone_SES11,22,2.0,1.5,,11,0,0.0,0.0,0.0,0.0,0.0
ADX22_SL2.0_TP1.5_TSNone_SES9,22,2.0,1.5,,9,0,0.0,0.0,0.0,0.0,0.0
ADX22_SL2.0_TP1.5_TSNone_SES5,22,2.0,1.5,,5,0,0.0,0.0,0.0,0.0,0.0
ADX22_SL2.0_TP2.0_TS4_SES13,22,2.0,2.0,4.0,13,0,0.0,0.0,0.0,0.0,0.0
ADX22_SL2.0_TP2.0_TS4_SES11,22,2.0,2.0,4.0,11,0,0.0,0.0,0.0,0.0,0.0
ADX22_SL2.0_TP2.0_TS4_SES9,22,2.0,2.0,4.0,9,0,0.0,0.0,0.0,0.0,0.0
ADX22_SL2.0_TP2.0_TS4_SES5,22,2.0,2.0,4.0,5,0,0.0,0.0,0.0,0.0,0.0
ADX22_SL2.0_TP2.0_TS8_SES13,22,2.0,2.0,8.0,13,0,0.0,0.0,0.0,0.0,0.0
ADX22_SL2.0_TP2.0_TS8_SES11,22,2.0,2.0,8.0,11,0,0.0,0.0,0.0,0.0,0.0
ADX22_SL2.0_TP2.0_TS8_SES9,22,2.0,2.0,8.0,9,0,0.0,0.0,0.0,0.0,0.0
ADX22_SL2.0_TP2.0_TS8_SES5,22,2.0,2.0,8.0,5,0,0.0,0.0,0.0,0.0,0.0
ADX22_SL2.0_TP2.0_TS12_SES13,22,2.0,2.0,12.0,13,0,0.0,0.0,0.0,0.0,0.0
ADX22_SL2.0_TP2.0_TS12_SES11,22,2.0,2.0,12.0,11,0,0.0,0.0,0.0,0.0,0.0
ADX22_SL2.0_TP2.0_TS12_SES9,22,2.0,2.0,12.0,9,0,0.0,0.0,0.0,0.0,0.0
ADX22_SL2.0_TP2.0_TS12_SES5,22,2.0,2.0,12.0,5,0,0.0,0.0,0.0,0.0,0.0
ADX22_SL2.0_TP2.0_TSNone_SES13,22,2.0,2.0,,13,0,0.0,0.0,0.0,0.0,0.0
ADX22_SL2.0_TP2.0_TSNone_SES11,22,2.0,2.0,,11,0,0.0,0.0,0.0,0.0,0.0
ADX22_SL2.0_TP2.0_TSNone_SES9,22,2.0,2.0,,9,0,0.0,0.0,0.0,0.0,0.0
ADX22_SL2.0_TP2.0_TSNone_SES5,22,2.0,2.0,,5,0,0.0,0.0,0.0,0.0,0.0
ADX22_SL2.0_TP2.5_TS4_SES13,22,2.0,2.5,4.0,13,0,0.0,0.0,0.0,0.0,0.0
ADX22_SL2.0_TP2.5_TS4_SES11,22,2.0,2.5,4.0,11,0,0.0,0.0,0.0,0.0,0.0
ADX22_SL2.0_TP2.5_TS4_SES9,22,2.0,2.5,4.0,9,0,0.0,0.0,0.0,0.0,0.0
ADX22_SL2.0_TP2.5_TS4_SES5,22,2.0,2.5,4.0,5,0,0.0,0.0,0.0,0.0,0.0
ADX22_SL2.0_TP2.5_TS8_SES13,22,2.0,2.5,8.0,13,0,0.0,0.0,0.0,0.0,0.0
ADX22_SL2.0_TP2.5_TS8_SES11,22,2.0,2.5,8.0,11,0,0.0,0.0,0.0,0.0,0.0
ADX22_SL2.0_TP2.5_TS8_SES9,22,2.0,2.5,8.0,9,0,0.0,0.0,0.0,0.0,0.0
ADX22_SL2.0_TP2.5_TS8_SES5,22,2.0,2.5,8.0,5,0,0.0,0.0,0.0,0.0,0.0
ADX22_SL2.0_TP2.5_TS12_SES13,22,2.0,2.5,12.0,13,0,0.0,0.0,0.0,0.0,0.0
ADX22_SL2.0_TP2.5_TS12_SES11,22,2.0,2.5,12.0,11,0,0.0,0.0,0.0,0.0,0.0
ADX22_SL2.0_TP2.5_TS12_SES9,22,2.0,2.5,12.0,9,0,0.0,0.0,0.0,0.0,0.0
ADX22_SL2.0_TP2.5_TS12_SES5,22,2.0,2.5,12.0,5,0,0.0,0.0,0.0,0.0,0.0
ADX22_SL2.0_TP2.5_TSNone_SES13,22,2.0,2.5,,13,0,0.0,0.0,0.0,0.0,0.0
ADX22_SL2.0_TP2.5_TSNone_SES11,22,2.0,2.5,,11,0,0.0,0.0,0.0,0.0,0.0
ADX22_SL2.0_TP2.5_TSNone_SES9,22,2.0,2.5,,9,0,0.0,0.0,0.0,0.0,0.0
ADX22_SL2.0_TP2.5_TSNone_SES5,22,2.0,2.5,,5,0,0.0,0.0,0.0,0.0,0.0
ADX22_SL2.0_TP3.0_TS4_SES13,22,2.0,3.0,4.0,13,0,0.0,0.0,0.0,0.0,0.0
ADX22_SL2.0_TP3.0_TS4_SES11,22,2.0,3.0,4.0,11,0,0.0,0.0,0.0,0.0,0.0
ADX22_SL2.0_TP3.0_TS4_SES9,22,2.0,3.0,4.0,9,0,0.0,0.0,0.0,0.0,0.0
ADX22_SL2.0_TP3.0_TS4_SES5,22,2.0,3.0,4.0,5,0,0.0,0.0,0.0,0.0,0.0
ADX22_SL2.0_TP3.0_TS8_SES13,22,2.0,3.0,8.0,13,0,0.0,0.0,0.0,0.0,0.0
ADX22_SL2.0_TP3.0_TS8_SES11,22,2.0,3.0,8.0,11,0,0.0,0.0,0.0,0.0,0.0
ADX22_SL2.0_TP3.0_TS8_SES9,22,2.0,3.0,8.0,9,0,0.0,0.0,0.0,0.0,0.0
ADX22_SL2.0_TP3.0_TS8_SES5,22,2.0,3.0,8.0,5,0,0.0,0.0,0.0,0.0,0.0
ADX22_SL2.0_TP3.0_TS12_SES13,22,2.0,3.0,12.0,13,0,0.0,0.0,0.0,0.0,0.0
ADX22_SL2.0_TP3.0_TS12_SES11,22,2.0,3.0,12.0,11,0,0.0,0.0,0.0,0.0,0.0
ADX22_SL2.0_TP3.0_TS12_SES9,22,2.0,3.0,12.0,9,0,0.0,0.0,0.0,0.0,0.0
ADX22_SL2.0_TP3.0_TS12_SES5,22,2.0,3.0,12.0,5,0,0.0,0.0,0.0,0.0,0.0
ADX22_SL2.0_TP3.0_TSNone_SES13,22,2.0,3.0,,13,0,0.0,0.0,0.0,0.0,0.0
ADX22_SL2.0_TP3.0_TSNone_SES11,22,2.0,3.0,,11,0,0.0,0.0,0.0,0.0,0.0
ADX22_SL2.0_TP3.0_TSNone_SES9,22,2.0,3.0,,9,0,0.0,0.0,0.0,0.0,0.0
ADX22_SL2.0_TP3.0_TSNone_SES5,22,2.0,3.0,,5,0,0.0,0.0,0.0,0.0,0.0
ADX25_SL1.0_TP1.5_TS4_SES13,25,1.0,1.5,4.0,13,0,0.0,0.0,0.0,0.0,0.0
ADX25_SL1.0_TP1.5_TS4_SES11,25,1.0,1.5,4.0,11,0,0.0,0.0,0.0,0.0,0.0
ADX25_SL1.0_TP1.5_TS4_SES9,25,1.0,1.5,4.0,9,0,0.0,0.0,0.0,0.0,0.0
ADX25_SL1.0_TP1.5_TS4_SES5,25,1.0,1.5,4.0,5,0,0.0,0.0,0.0,0.0,0.0
ADX25_SL1.0_TP1.5_TS8_SES13,25,1.0,1.5,8.0,13,0,0.0,0.0,0.0,0.0,0.0
ADX25_SL1.0_TP1.5_TS8_SES11,25,1.0,1.5,8.0,11,0,0.0,0.0,0.0,0.0,0.0
ADX25_SL1.0_TP1.5_TS8_SES9,25,1.0,1.5,8.0,9,0,0.0,0.0,0.0,0.0,0.0
ADX25_SL1.0_TP1.5_TS8_SES5,25,1.0,1.5,8.0,5,0,0.0,0.0,0.0,0.0,0.0
ADX25_SL1.0_TP1.5_TS12_SES13,25,1.0,1.5,12.0,13,0,0.0,0.0,0.0,0.0,0.0
ADX25_SL1.0_TP1.5_TS12_SES11,25,1.0,1.5,12.0,11,0,0.0,0.0,0.0,0.0,0.0
ADX25_SL1.0_TP1.5_TS12_SES9,25,1.0,1.5,12.0,9,0,0.0,0.0,0.0,0.0,0.0
ADX25_SL1.0_TP1.5_TS12_SES5,25,1.0,1.5,12.0,5,0,0.0,0.0,0.0,0.0,0.0
ADX25_SL1.0_TP1.5_TSNone_SES13,25,1.0,1.5,,13,0,0.0,0.0,0.0,0.0,0.0
ADX25_SL1.0_TP1.5_TSNone_SES11,25,1.0,1.5,,11,0,0.0,0.0,0.0,0.0,0.0
ADX25_SL1.0_TP1.5_TSNone_SES9,25,1.0,1.5,,9,0,0.0,0.0,0.0,0.0,0.0
ADX25_SL1.0_TP1.5_TSNone_SES5,25,1.0,1.5,,5,0,0.0,0.0,0.0,0.0,0.0
ADX25_SL1.0_TP2.0_TS4_SES13,25,1.0,2.0,4.0,13,0,0.0,0.0,0.0,0.0,0.0
ADX25_SL1.0_TP2.0_TS4_SES11,25,1.0,2.0,4.0,11,0,0.0,0.0,0.0,0.0,0.0
ADX25_SL1.0_TP2.0_TS4_SES9,25,1.0,2.0,4.0,9,0,0.0,0.0,0.0,0.0,0.0
ADX25_SL1.0_TP2.0_TS4_SES5,25,1.0,2.0,4.0,5,0,0.0,0.0,0.0,0.0,0.0
ADX25_SL1.0_TP2.0_TS8_SES13,25,1.0,2.0,8.0,13,0,0.0,0.0,0.0,0.0,0.0
ADX25_SL1.0_TP2.0_TS8_SES11,25,1.0,2.0,8.0,11,0,0.0,0.0,0.0,0.0,0.0
ADX25_SL1.0_TP2.0_TS8_SES9,25,1.0,2.0,8.0,9,0,0.0,0.0,0.0,0.0,0.0
ADX25_SL1.0_TP2.0_TS8_SES5,25,1.0,2.0,8.0,5,0,0.0,0.0,0.0,0.0,0.0
ADX25_SL1.0_TP2.0_TS12_SES13,25,1.0,2.0,12.0,13,0,0.0,0.0,0.0,0.0,0.0
ADX25_SL1.0_TP2.0_TS12_SES11,25,1.0,2.0,12.0,11,0,0.0,0.0,0.0,0.0,0.0
ADX25_SL1.0_TP2.0_TS12_SES9,25,1.0,2.0,12.0,9,0,0.0,0.0,0.0,0.0,0.0
ADX25_SL1.0_TP2.0_TS12_SES5,25,1.0,2.0,12.0,5,0,0.0,0.0,0.0,0.0,0.0
ADX25_SL1.0_TP2.0_TSNone_SES13,25,1.0,2.0,,13,0,0.0,0.0,0.0,0.0,0.0
ADX25_SL1.0_TP2.0_TSNone_SES11,25,1.0,2.0,,11,0,0.0,0.0,0.0,0.0,0.0
ADX25_SL1.0_TP2.0_TSNone_SES9,25,1.0,2.0,,9,0,0.0,0.0,0.0,0.0,0.0
ADX25_SL1.0_TP2.0_TSNone_SES5,25,1.0,2.0,,5,0,0.0,0.0,0.0,0.0,0.0
ADX25_SL1.0_TP2.5_TS4_SES13,25,1.0,2.5,4.0,13,0,0.0,0.0,0.0,0.0,0.0
ADX25_SL1.0_TP2.5_TS4_SES11,25,1.0,2.5,4.0,11,0,0.0,0.0,0.0,0.0,0.0
ADX25_SL1.0_TP2.5_TS4_SES9,25,1.0,2.5,4.0,9,0,0.0,0.0,0.0,0.0,0.0
ADX25_SL1.0_TP2.5_TS4_SES5,25,1.0,2.5,4.0,5,0,0.0,0.0,0.0,0.0,0.0
ADX25_SL1.0_TP2.5_TS8_SES13,25,1.0,2.5,8.0,13,0,0.0,0.0,0.0,0.0,0.0
ADX25_SL1.0_TP2.5_TS8_SES11,25,1.0,2.5,8.0,11,0,0.0,0.0,0.0,0.0,0.0
ADX25_SL1.0_TP2.5_TS8_SES9,25,1.0,2.5,8.0,9,0,0.0,0.0,0.0,0.0,0.0
ADX25_SL1.0_TP2.5_TS8_SES5,25,1.0,2.5,8.0,5,0,0.0,0.0,0.0,0.0,0.0
ADX25_SL1.0_TP2.5_TS12_SES13,25,1.0,2.5,12.0,13,0,0.0,0.0,0.0,0.0,0.0
ADX25_SL1.0_TP2.5_TS12_SES11,25,1.0,2.5,12.0,11,0,0.0,0.0,0.0,0.0,0.0
ADX25_SL1.0_TP2.5_TS12_SES9,25,1.0,2.5,12.0,9,0,0.0,0.0,0.0,0.0,0.0
ADX25_SL1.0_TP2.5_TS12_SES5,25,1.0,2.5,12.0,5,0,0.0,0.0,0.0,0.0,0.0
ADX25_SL1.0_TP2.5_TSNone_SES13,25,1.0,2.5,,13,0,0.0,0.0,0.0,0.0,0.0
ADX25_SL1.0_TP2.5_TSNone_SES11,25,1.0,2.5,,11,0,0.0,0.0,0.0,0.0,0.0
ADX25_SL1.0_TP2.5_TSNone_SES9,25,1.0,2.5,,9,0,0.0,0.0,0.0,0.0,0.0
ADX25_SL1.0_TP2.5_TSNone_SES5,25,1.0,2.5,,5,0,0.0,0.0,0.0,0.0,0.0
ADX25_SL1.0_TP3.0_TS4_SES13,25,1.0,3.0,4.0,13,0,0.0,0.0,0.0,0.0,0.0
ADX25_SL1.0_TP3.0_TS4_SES11,25,1.0,3.0,4.0,11,0,0.0,0.0,0.0,0.0,0.0
ADX25_SL1.0_TP3.0_TS4_SES9,25,1.0,3.0,4.0,9,0,0.0,0.0,0.0,0.0,0.0
ADX25_SL1.0_TP3.0_TS4_SES5,25,1.0,3.0,4.0,5,0,0.0,0.0,0.0,0.0,0.0
ADX25_SL1.0_TP3.0_TS8_SES13,25,1.0,3.0,8.0,13,0,0.0,0.0,0.0,0.0,0.0
ADX25_SL1.0_TP3.0_TS8_SES11,25,1.0,3.0,8.0,11,0,0.0,0.0,0.0,0.0,0.0
ADX25_SL1.0_TP3.0_TS8_SES9,25,1.0,3.0,8.0,9,0,0.0,0.0,0.0,0.0,0.0
ADX25_SL1.0_TP3.0_TS8_SES5,25,1.0,3.0,8.0,5,0,0.0,0.0,0.0,0.0,0.0
ADX25_SL1.0_TP3.0_TS12_SES13,25,1.0,3.0,12.0,13,0,0.0,0.0,0.0,0.0,0.0
ADX25_SL1.0_TP3.0_TS12_SES11,25,1.0,3.0,12.0,11,0,0.0,0.0,0.0,0.0,0.0
ADX25_SL1.0_TP3.0_TS12_SES9,25,1.0,3.0,12.0,9,0,0.0,0.0,0.0,0.0,0.0
ADX25_SL1.0_TP3.0_TS12_SES5,25,1.0,3.0,12.0,5,0,0.0,0.0,0.0,0.0,0.0
ADX25_SL1.0_TP3.0_TSNone_SES13,25,1.0,3.0,,13,0,0.0,0.0,0.0,0.0,0.0
ADX25_SL1.0_TP3.0_TSNone_SES11,25,1.0,3.0,,11,0,0.0,0.0,0.0,0.0,0.0
ADX25_SL1.0_TP3.0_TSNone_SES9,25,1.0,3.0,,9,0,0.0,0.0,0.0,0.0,0.0
ADX25_SL1.0_TP3.0_TSNone_SES5,25,1.0,3.0,,5,0,0.0,0.0,0.0,0.0,0.0
ADX25_SL1.5_TP1.5_TS4_SES13,25,1.5,1.5,4.0,13,0,0.0,0.0,0.0,0.0,0.0
ADX25_SL1.5_TP1.5_TS4_SES11,25,1.5,1.5,4.0,11,0,0.0,0.0,0.0,0.0,0.0
ADX25_SL1.5_TP1.5_TS4_SES9,25,1.5,1.5,4.0,9,0,0.0,0.0,0.0,0.0,0.0
ADX25_SL1.5_TP1.5_TS4_SES5,25,1.5,1.5,4.0,5,0,0.0,0.0,0.0,0.0,0.0
ADX25_SL1.5_TP1.5_TS8_SES13,25,1.5,1.5,8.0,13,0,0.0,0.0,0.0,0.0,0.0
ADX25_SL1.5_TP1.5_TS8_SES11,25,1.5,1.5,8.0,11,0,0.0,0.0,0.0,0.0,0.0
ADX25_SL1.5_TP1.5_TS8_SES9,25,1.5,1.5,8.0,9,0,0.0,0.0,0.0,0.0,0.0
ADX25_SL1.5_TP1.5_TS8_SES5,25,1.5,1.5,8.0,5,0,0.0,0.0,0.0,0.0,0.0
ADX25_SL1.5_TP1.5_TS12_SES13,25,1.5,1.5,12.0,13,0,0.0,0.0,0.0,0.0,0.0
ADX25_SL1.5_TP1.5_TS12_SES11,25,1.5,1.5,12.0,11,0,0.0,0.0,0.0,0.0,0.0
ADX25_SL1.5_TP1.5_TS12_SES9,25,1.5,1.5,12.0,9,0,0.0,0.0,0.0,0.0,0.0
ADX25_SL1.5_TP1.5_TS12_SES5,25,1.5,1.5,12.0,5,0,0.0,0.0,0.0,0.0,0.0
ADX25_SL1.5_TP1.5_TSNone_SES13,25,1.5,1.5,,13,0,0.0,0.0,0.0,0.0,0.0
ADX25_SL1.5_TP1.5_TSNone_SES11,25,1.5,1.5,,11,0,0.0,0.0,0.0,0.0,0.0
ADX25_SL1.5_TP1.5_TSNone_SES9,25,1.5,1.5,,9,0,0.0,0.0,0.0,0.0,0.0
ADX25_SL1.5_TP1.5_TSNone_SES5,25,1.5,1.5,,5,0,0.0,0.0,0.0,0.0,0.0
ADX25_SL1.5_TP2.0_TS4_SES13,25,1.5,2.0,4.0,13,0,0.0,0.0,0.0,0.0,0.0
ADX25_SL1.5_TP2.0_TS4_SES11,25,1.5,2.0,4.0,11,0,0.0,0.0,0.0,0.0,0.0
ADX25_SL1.5_TP2.0_TS4_SES9,25,1.5,2.0,4.0,9,0,0.0,0.0,0.0,0.0,0.0
ADX25_SL1.5_TP2.0_TS4_SES5,25,1.5,2.0,4.0,5,0,0.0,0.0,0.0,0.0,0.0
ADX25_SL1.5_TP2.0_TS8_SES13,25,1.5,2.0,8.0,13,0,0.0,0.0,0.0,0.0,0.0
ADX25_SL1.5_TP2.0_TS8_SES11,25,1.5,2.0,8.0,11,0,0.0,0.0,0.0,0.0,0.0
ADX25_SL1.5_TP2.0_TS8_SES9,25,1.5,2.0,8.0,9,0,0.0,0.0,0.0,0.0,0.0
ADX25_SL1.5_TP2.0_TS8_SES5,25,1.5,2.0,8.0,5,0,0.0,0.0,0.0,0.0,0.0
ADX25_SL1.5_TP2.0_TS12_SES13,25,1.5,2.0,12.0,13,0,0.0,0.0,0.0,0.0,0.0
ADX25_SL1.5_TP2.0_TS12_SES11,25,1.5,2.0,12.0,11,0,0.0,0.0,0.0,0.0,0.0
ADX25_SL1.5_TP2.0_TS12_SES9,25,1.5,2.0,12.0,9,0,0.0,0.0,0.0,0.0,0.0
ADX25_SL1.5_TP2.0_TS12_SES5,25,1.5,2.0,12.0,5,0,0.0,0.0,0.0,0.0,0.0
ADX25_SL1.5_TP2.0_TSNone_SES13,25,1.5,2.0,,13,0,0.0,0.0,0.0,0.0,0.0
ADX25_SL1.5_TP2.0_TSNone_SES11,25,1.5,2.0,,11,0,0.0,0.0,0.0,0.0,0.0
ADX25_SL1.5_TP2.0_TSNone_SES9,25,1.5,2.0,,9,0,0.0,0.0,0.0,0.0,0.0
ADX25_SL1.5_TP2.0_TSNone_SES5,25,1.5,2.0,,5,0,0.0,0.0,0.0,0.0,0.0
ADX25_SL1.5_TP2.5_TS4_SES13,25,1.5,2.5,4.0,13,0,0.0,0.0,0.0,0.0,0.0
ADX25_SL1.5_TP2.5_TS4_SES11,25,1.5,2.5,4.0,11,0,0.0,0.0,0.0,0.0,0.0
ADX25_SL1.5_TP2.5_TS4_SES9,25,1.5,2.5,4.0,9,0,0.0,0.0,0.0,0.0,0.0
ADX25_SL1.5_TP2.5_TS4_SES5,25,1.5,2.5,4.0,5,0,0.0,0.0,0.0,0.0,0.0
ADX25_SL1.5_TP2.5_TS8_SES13,25,1.5,2.5,8.0,13,0,0.0,0.0,0.0,0.0,0.0
ADX25_SL1.5_TP2.5_TS8_SES11,25,1.5,2.5,8.0,11,0,0.0,0.0,0.0,0.0,0.0
ADX25_SL1.5_TP2.5_TS8_SES9,25,1.5,2.5,8.0,9,0,0.0,0.0,0.0,0.0,0.0
ADX25_SL1.5_TP2.5_TS8_SES5,25,1.5,2.5,8.0,5,0,0.0,0.0,0.0,0.0,0.0
ADX25_SL1.5_TP2.5_TS12_SES13,25,1.5,2.5,12.0,13,0,0.0,0.0,0.0,0.0,0.0
ADX25_SL1.5_TP2.5_TS12_SES11,25,1.5,2.5,12.0,11,0,0.0,0.0,0.0,0.0,0.0
ADX25_SL1.5_TP2.5_TS12_SES9,25,1.5,2.5,12.0,9,0,0.0,0.0,0.0,0.0,0.0
ADX25_SL1.5_TP2.5_TS12_SES5,25,1.5,2.5,12.0,5,0,0.0,0.0,0.0,0.0,0.0
ADX25_SL1.5_TP2.5_TSNone_SES13,25,1.5,2.5,,13,0,0.0,0.0,0.0,0.0,0.0
ADX25_SL1.5_TP2.5_TSNone_SES11,25,1.5,2.5,,11,0,0.0,0.0,0.0,0.0,0.0
ADX25_SL1.5_TP2.5_TSNone_SES9,25,1.5,2.5,,9,0,0.0,0.0,0.0,0.0,0.0
ADX25_SL1.5_TP2.5_TSNone_SES5,25,1.5,2.5,,5,0,0.0,0.0,0.0,0.0,0.0
ADX25_SL1.5_TP3.0_TS4_SES13,25,1.5,3.0,4.0,13,0,0.0,0.0,0.0,0.0,0.0
ADX25_SL1.5_TP3.0_TS4_SES11,25,1.5,3.0,4.0,11,0,0.0,0.0,0.0,0.0,0.0
ADX25_SL1.5_TP3.0_TS4_SES9,25,1.5,3.0,4.0,9,0,0.0,0.0,0.0,0.0,0.0
ADX25_SL1.5_TP3.0_TS4_SES5,25,1.5,3.0,4.0,5,0,0.0,0.0,0.0,0.0,0.0
ADX25_SL1.5_TP3.0_TS8_SES13,25,1.5,3.0,8.0,13,0,0.0,0.0,0.0,0.0,0.0
ADX25_SL1.5_TP3.0_TS8_SES11,25,1.5,3.0,8.0,11,0,0.0,0.0,0.0,0.0,0.0
ADX25_SL1.5_TP3.0_TS8_SES9,25,1.5,3.0,8.0,9,0,0.0,0.0,0.0,0.0,0.0
ADX25_SL1.5_TP3.0_TS8_SES5,25,1.5,3.0,8.0,5,0,0.0,0.0,0.0,0.0,0.0
ADX25_SL1.5_TP3.0_TS12_SES13,25,1.5,3.0,12.0,13,0,0.0,0.0,0.0,0.0,0.0
ADX25_SL1.5_TP3.0_TS12_SES11,25,1.5,3.0,12.0,11,0,0.0,0.0,0.0,0.0,0.0
ADX25_SL1.5_TP3.0_TS12_SES9,25,1.5,3.0,12.0,9,0,0.0,0.0,0.0,0.0,0.0
ADX25_SL1.5_TP3.0_TS12_SES5,25,1.5,3.0,12.0,5,0,0.0,0.0,0.0,0.0,0.0
ADX25_SL1.5_TP3.0_TSNone_SES13,25,1.5,3.0,,13,0,0.0,0.0,0.0,0.0,0.0
ADX25_SL1.5_TP3.0_TSNone_SES11,25,1.5,3.0,,11,0,0.0,0.0,0.0,0.0,0.0
ADX25_SL1.5_TP3.0_TSNone_SES9,25,1.5,3.0,,9,0,0.0,0.0,0.0,0.0,0.0
ADX25_SL1.5_TP3.0_TSNone_SES5,25,1.5,3.0,,5,0,0.0,0.0,0.0,0.0,0.0
ADX25_SL2.0_TP1.5_TS4_SES13,25,2.0,1.5,4.0,13,0,0.0,0.0,0.0,0.0,0.0
ADX25_SL2.0_TP1.5_TS4_SES11,25,2.0,1.5,4.0,11,0,0.0,0.0,0.0,0.0,0.0
ADX25_SL2.0_TP1.5_TS4_SES9,25,2.0,1.5,4.0,9,0,0.0,0.0,0.0,0.0,0.0
ADX25_SL2.0_TP1.5_TS4_SES5,25,2.0,1.5,4.0,5,0,0.0,0.0,0.0,0.0,0.0
ADX25_SL2.0_TP1.5_TS8_SES13,25,2.0,1.5,8.0,13,0,0.0,0.0,0.0,0.0,0.0
ADX25_SL2.0_TP1.5_TS8_SES11,25,2.0,1.5,8.0,11,0,0.0,0.0,0.0,0.0,0.0
ADX25_SL2.0_TP1.5_TS8_SES9,25,2.0,1.5,8.0,9,0,0.0,0.0,0.0,0.0,0.0
ADX25_SL2.0_TP1.5_TS8_SES5,25,2.0,1.5,8.0,5,0,0.0,0.0,0.0,0.0,0.0
ADX25_SL2.0_TP1.5_TS12_SES13,25,2.0,1.5,12.0,13,0,0.0,0.0,0.0,0.0,0.0
ADX25_SL2.0_TP1.5_TS12_SES11,25,2.0,1.5,12.0,11,0,0.0,0.0,0.0,0.0,0.0
ADX25_SL2.0_TP1.5_TS12_SES9,25,2.0,1.5,12.0,9,0,0.0,0.0,0.0,0.0,0.0
ADX25_SL2.0_TP1.5_TS12_SES5,25,2.0,1.5,12.0,5,0,0.0,0.0,0.0,0.0,0.0
ADX25_SL2.0_TP1.5_TSNone_SES13,25,2.0,1.5,,13,0,0.0,0.0,0.0,0.0,0.0
ADX25_SL2.0_TP1.5_TSNone_SES11,25,2.0,1.5,,11,0,0.0,0.0,0.0,0.0,0.0
ADX25_SL2.0_TP1.5_TSNone_SES9,25,2.0,1.5,,9,0,0.0,0.0,0.0,0.0,0.0
ADX25_SL2.0_TP1.5_TSNone_SES5,25,2.0,1.5,,5,0,0.0,0.0,0.0,0.0,0.0
ADX25_SL2.0_TP2.0_TS4_SES13,25,2.0,2.0,4.0,13,0,0.0,0.0,0.0,0.0,0.0
ADX25_SL2.0_TP2.0_TS4_SES11,25,2.0,2.0,4.0,11,0,0.0,0.0,0.0,0.0,0.0
ADX25_SL2.0_TP2.0_TS4_SES9,25,2.0,2.0,4.0,9,0,0.0,0.0,0.0,0.0,0.0
ADX25_SL2.0_TP2.0_TS4_SES5,25,2.0,2.0,4.0,5,0,0.0,0.0,0.0,0.0,0.0
ADX25_SL2.0_TP2.0_TS8_SES13,25,2.0,2.0,8.0,13,0,0.0,0.0,0.0,0.0,0.0
ADX25_SL2.0_TP2.0_TS8_SES11,25,2.0,2.0,8.0,11,0,0.0,0.0,0.0,0.0,0.0
ADX25_SL2.0_TP2.0_TS8_SES9,25,2.0,2.0,8.0,9,0,0.0,0.0,0.0,0.0,0.0
ADX25_SL2.0_TP2.0_TS8_SES5,25,2.0,2.0,8.0,5,0,0.0,0.0,0.0,0.0,0.0
ADX25_SL2.0_TP2.0_TS12_SES13,25,2.0,2.0,12.0,13,0,0.0,0.0,0.0,0.0,0.0
ADX25_SL2.0_TP2.0_TS12_SES11,25,2.0,2.0,12.0,11,0,0.0,0.0,0.0,0.0,0.0
ADX25_SL2.0_TP2.0_TS12_SES9,25,2.0,2.0,12.0,9,0,0.0,0.0,0.0,0.0,0.0
ADX25_SL2.0_TP2.0_TS12_SES5,25,2.0,2.0,12.0,5,0,0.0,0.0,0.0,0.0,0.0
ADX25_SL2.0_TP2.0_TSNone_SES13,25,2.0,2.0,,13,0,0.0,0.0,0.0,0.0,0.0
ADX25_SL2.0_TP2.0_TSNone_SES11,25,2.0,2.0,,11,0,0.0,0.0,0.0,0.0,0.0
ADX25_SL2.0_TP2.0_TSNone_SES9,25,2.0,2.0,,9,0,0.0,0.0,0.0,0.0,0.0
ADX25_SL2.0_TP2.0_TSNone_SES5,25,2.0,2.0,,5,0,0.0,0.0,0.0,0.0,0.0
ADX25_SL2.0_TP2.5_TS4_SES13,25,2.0,2.5,4.0,13,0,0.0,0.0,0.0,0.0,0.0
ADX25_SL2.0_TP2.5_TS4_SES11,25,2.0,2.5,4.0,11,0,0.0,0.0,0.0,0.0,0.0
ADX25_SL2.0_TP2.5_TS4_SES9,25,2.0,2.5,4.0,9,0,0.0,0.0,0.0,0.0,0.0
ADX25_SL2.0_TP2.5_TS4_SES5,25,2.0,2.5,4.0,5,0,0.0,0.0,0.0,0.0,0.0
ADX25_SL2.0_TP2.5_TS8_SES13,25,2.0,2.5,8.0,13,0,0.0,0.0,0.0,0.0,0.0
ADX25_SL2.0_TP2.5_TS8_SES11,25,2.0,2.5,8.0,11,0,0.0,0.0,0.0,0.0,0.0
ADX25_SL2.0_TP2.5_TS8_SES9,25,2.0,2.5,8.0,9,0,0.0,0.0,0.0,0.0,0.0
ADX25_SL2.0_TP2.5_TS8_SES5,25,2.0,2.5,8.0,5,0,0.0,0.0,0.0,0.0,0.0
ADX25_SL2.0_TP2.5_TS12_SES13,25,2.0,2.5,12.0,13,0,0.0,0.0,0.0,0.0,0.0
ADX25_SL2.0_TP2.5_TS12_SES11,25,2.0,2.5,12.0,11,0,0.0,0.0,0.0,0.0,0.0
ADX25_SL2.0_TP2.5_TS12_SES9,25,2.0,2.5,12.0,9,0,0.0,0.0,0.0,0.0,0.0
ADX25_SL2.0_TP2.5_TS12_SES5,25,2.0,2.5,12.0,5,0,0.0,0.0,0.0,0.0,0.0
ADX25_SL2.0_TP2.5_TSNone_SES13,25,2.0,2.5,,13,0,0.0,0.0,0.0,0.0,0.0
ADX25_SL2.0_TP2.5_TSNone_SES11,25,2.0,2.5,,11,0,0.0,0.0,0.0,0.0,0.0
ADX25_SL2.0_TP2.5_TSNone_SES9,25,2.0,2.5,,9,0,0.0,0.0,0.0,0.0,0.0
ADX25_SL2.0_TP2.5_TSNone_SES5,25,2.0,2.5,,5,0,0.0,0.0,0.0,0.0,0.0
ADX25_SL2.0_TP3.0_TS4_SES13,25,2.0,3.0,4.0,13,0,0.0,0.0,0.0,0.0,0.0
ADX25_SL2.0_TP3.0_TS4_SES11,25,2.0,3.0,4.0,11,0,0.0,0.0,0.0,0.0,0.0
ADX25_SL2.0_TP3.0_TS4_SES9,25,2.0,3.0,4.0,9,0,0.0,0.0,0.0,0.0,0.0
ADX25_SL2.0_TP3.0_TS4_SES5,25,2.0,3.0,4.0,5,0,0.0,0.0,0.0,0.0,0.0
ADX25_SL2.0_TP3.0_TS8_SES13,25,2.0,3.0,8.0,13,0,0.0,0.0,0.0,0.0,0.0
ADX25_SL2.0_TP3.0_TS8_SES11,25,2.0,3.0,8.0,11,0,0.0,0.0,0.0,0.0,0.0
ADX25_SL2.0_TP3.0_TS8_SES9,25,2.0,3.0,8.0,9,0,0.0,0.0,0.0,0.0,0.0
ADX25_SL2.0_TP3.0_TS8_SES5,25,2.0,3.0,8.0,5,0,0.0,0.0,0.0,0.0,0.0
ADX25_SL2.0_TP3.0_TS12_SES13,25,2.0,3.0,12.0,13,0,0.0,0.0,0.0,0.0,0.0
ADX25_SL2.0_TP3.0_TS12_SES11,25,2.0,3.0,12.0,11,0,0.0,0.0,0.0,0.0,0.0
ADX25_SL2.0_TP3.0_TS12_SES9,25,2.0,3.0,12.0,9,0,0.0,0.0,0.0,0.0,0.0
ADX25_SL2.0_TP3.0_TS12_SES5,25,2.0,3.0,12.0,5,0,0.0,0.0,0.0,0.0,0.0
ADX25_SL2.0_TP3.0_TSNone_SES13,25,2.0,3.0,,13,0,0.0,0.0,0.0,0.0,0.0
ADX25_SL2.0_TP3.0_TSNone_SES11,25,2.0,3.0,,11,0,0.0,0.0,0.0,0.0,0.0
ADX25_SL2.0_TP3.0_TSNone_SES9,25,2.0,3.0,,9,0,0.0,0.0,0.0,0.0,0.0
ADX25_SL2.0_TP3.0_TSNone_SES5,25,2.0,3.0,,5,0,0.0,0.0,0.0,0.0,0.0
