error,iteration,timeframe,config,total_trades,win_rate_pct,profit_factor,total_return_pct,max_drawdown_pct,sharpe_approx,avg_win_usd,avg_loss_usd,final_equity,avg_duration_bars,time_stop_exits,stop_exits,tp_exits,total_bars,params,use_vwap,use_donchian,trend_filter_h4
unexpected_tf:m5,1,M5,M5_ADX18_SL1.0_TP1.5_TS8,,,,,,,,,,,,,,,,,,
unexpected_tf:m5,2,M5,M5_ADX18_SL1.0_TP1.5_TS16,,,,,,,,,,,,,,,,,,
unexpected_tf:m5,3,M5,M5_ADX18_SL1.0_TP1.5_TS24,,,,,,,,,,,,,,,,,,
unexpected_tf:m5,4,M5,M5_ADX18_SL1.0_TP1.5_TSNone,,,,,,,,,,,,,,,,,,
unexpected_tf:m5,5,M5,M5_ADX18_SL1.0_TP2.0_TS8,,,,,,,,,,,,,,,,,,
unexpected_tf:m5,6,M5,M5_ADX18_SL1.0_TP2.0_TS16,,,,,,,,,,,,,,,,,,
unexpected_tf:m5,7,M5,M5_ADX18_SL1.0_TP2.0_TS24,,,,,,,,,,,,,,,,,,
unexpected_tf:m5,8,M5,M5_ADX18_SL1.0_TP2.0_TSNone,,,,,,,,,,,,,,,,,,
unexpected_tf:m5,9,M5,M5_ADX18_SL1.0_TP2.5_TS8,,,,,,,,,,,,,,,,,,
unexpected_tf:m5,10,M5,M5_ADX18_SL1.0_TP2.5_TS16,,,,,,,,,,,,,,,,,,
unexpected_tf:m5,11,M5,M5_ADX18_SL1.0_TP2.5_TS24,,,,,,,,,,,,,,,,,,
unexpected_tf:m5,12,M5,M5_ADX18_SL1.0_TP2.5_TSNone,,,,,,,,,,,,,,,,,,
unexpected_tf:m5,13,M5,M5_ADX18_SL1.0_TP3.0_TS8,,,,,,,,,,,,,,,,,,
unexpected_tf:m5,14,M5,M5_ADX18_SL1.0_TP3.0_TS16,,,,,,,,,,,,,,,,,,
unexpected_tf:m5,15,M5,M5_ADX18_SL1.0_TP3.0_TS24,,,,,,,,,,,,,,,,,,
unexpected_tf:m5,16,M5,M5_ADX18_SL1.0_TP3.0_TSNone,,,,,,,,,,,,,,,,,,
unexpected_tf:m5,17,M5,M5_ADX18_SL1.5_TP1.5_TS8,,,,,,,,,,,,,,,,,,
unexpected_tf:m5,18,M5,M5_ADX18_SL1.5_TP1.5_TS16,,,,,,,,,,,,,,,,,,
unexpected_tf:m5,19,M5,M5_ADX18_SL1.5_TP1.5_TS24,,,,,,,,,,,,,,,,,,
unexpected_tf:m5,20,M5,M5_ADX18_SL1.5_TP1.5_TSNone,,,,,,,,,,,,,,,,,,
unexpected_tf:m5,21,M5,M5_ADX18_SL1.5_TP2.0_TS8,,,,,,,,,,,,,,,,,,
unexpected_tf:m5,22,M5,M5_ADX18_SL1.5_TP2.0_TS16,,,,,,,,,,,,,,,,,,
unexpected_tf:m5,23,M5,M5_ADX18_SL1.5_TP2.0_TS24,,,,,,,,,,,,,,,,,,
unexpected_tf:m5,24,M5,M5_ADX18_SL1.5_TP2.0_TSNone,,,,,,,,,,,,,,,,,,
unexpected_tf:m5,25,M5,M5_ADX18_SL1.5_TP2.5_TS8,,,,,,,,,,,,,,,,,,
unexpected_tf:m5,26,M5,M5_ADX18_SL1.5_TP2.5_TS16,,,,,,,,,,,,,,,,,,
unexpected_tf:m5,27,M5,M5_ADX18_SL1.5_TP2.5_TS24,,,,,,,,,,,,,,,,,,
unexpected_tf:m5,28,M5,M5_ADX18_SL1.5_TP2.5_TSNone,,,,,,,,,,,,,,,,,,
unexpected_tf:m5,29,M5,M5_ADX18_SL1.5_TP3.0_TS8,,,,,,,,,,,,,,,,,,
unexpected_tf:m5,30,M5,M5_ADX18_SL1.5_TP3.0_TS16,,,,,,,,,,,,,,,,,,
unexpected_tf:m5,31,M5,M5_ADX18_SL1.5_TP3.0_TS24,,,,,,,,,,,,,,,,,,
unexpected_tf:m5,32,M5,M5_ADX18_SL1.5_TP3.0_TSNone,,,,,,,,,,,,,,,,,,
unexpected_tf:m5,33,M5,M5_ADX18_SL2.0_TP1.5_TS8,,,,,,,,,,,,,,,,,,
unexpected_tf:m5,34,M5,M5_ADX18_SL2.0_TP1.5_TS16,,,,,,,,,,,,,,,,,,
unexpected_tf:m5,35,M5,M5_ADX18_SL2.0_TP1.5_TS24,,,,,,,,,,,,,,,,,,
unexpected_tf:m5,36,M5,M5_ADX18_SL2.0_TP1.5_TSNone,,,,,,,,,,,,,,,,,,
unexpected_tf:m5,37,M5,M5_ADX18_SL2.0_TP2.0_TS8,,,,,,,,,,,,,,,,,,
unexpected_tf:m5,38,M5,M5_ADX18_SL2.0_TP2.0_TS16,,,,,,,,,,,,,,,,,,
unexpected_tf:m5,39,M5,M5_ADX18_SL2.0_TP2.0_TS24,,,,,,,,,,,,,,,,,,
unexpected_tf:m5,40,M5,M5_ADX18_SL2.0_TP2.0_TSNone,,,,,,,,,,,,,,,,,,
unexpected_tf:m5,41,M5,M5_ADX18_SL2.0_TP2.5_TS8,,,,,,,,,,,,,,,,,,
unexpected_tf:m5,42,M5,M5_ADX18_SL2.0_TP2.5_TS16,,,,,,,,,,,,,,,,,,
unexpected_tf:m5,43,M5,M5_ADX18_SL2.0_TP2.5_TS24,,,,,,,,,,,,,,,,,,
unexpected_tf:m5,44,M5,M5_ADX18_SL2.0_TP2.5_TSNone,,,,,,,,,,,,,,,,,,
unexpected_tf:m5,45,M5,M5_ADX18_SL2.0_TP3.0_TS8,,,,,,,,,,,,,,,,,,
unexpected_tf:m5,46,M5,M5_ADX18_SL2.0_TP3.0_TS16,,,,,,,,,,,,,,,,,,
unexpected_tf:m5,47,M5,M5_ADX18_SL2.0_TP3.0_TS24,,,,,,,,,,,,,,,,,,
unexpected_tf:m5,48,M5,M5_ADX18_SL2.0_TP3.0_TSNone,,,,,,,,,,,,,,,,,,
unexpected_tf:m5,49,M5,M5_ADX20_SL1.0_TP1.5_TS8,,,,,,,,,,,,,,,,,,
unexpected_tf:m5,50,M5,M5_ADX20_SL1.0_TP1.5_TS16,,,,,,,,,,,,,,,,,,
unexpected_tf:m5,51,M5,M5_ADX20_SL1.0_TP1.5_TS24,,,,,,,,,,,,,,,,,,
unexpected_tf:m5,52,M5,M5_ADX20_SL1.0_TP1.5_TSNone,,,,,,,,,,,,,,,,,,
unexpected_tf:m5,53,M5,M5_ADX20_SL1.0_TP2.0_TS8,,,,,,,,,,,,,,,,,,
unexpected_tf:m5,54,M5,M5_ADX20_SL1.0_TP2.0_TS16,,,,,,,,,,,,,,,,,,
unexpected_tf:m5,55,M5,M5_ADX20_SL1.0_TP2.0_TS24,,,,,,,,,,,,,,,,,,
unexpected_tf:m5,56,M5,M5_ADX20_SL1.0_TP2.0_TSNone,,,,,,,,,,,,,,,,,,
unexpected_tf:m5,57,M5,M5_ADX20_SL1.0_TP2.5_TS8,,,,,,,,,,,,,,,,,,
unexpected_tf:m5,58,M5,M5_ADX20_SL1.0_TP2.5_TS16,,,,,,,,,,,,,,,,,,
unexpected_tf:m5,59,M5,M5_ADX20_SL1.0_TP2.5_TS24,,,,,,,,,,,,,,,,,,
unexpected_tf:m5,60,M5,M5_ADX20_SL1.0_TP2.5_TSNone,,,,,,,,,,,,,,,,,,
unexpected_tf:m5,61,M5,M5_ADX20_SL1.0_TP3.0_TS8,,,,,,,,,,,,,,,,,,
unexpected_tf:m5,62,M5,M5_ADX20_SL1.0_TP3.0_TS16,,,,,,,,,,,,,,,,,,
unexpected_tf:m5,63,M5,M5_ADX20_SL1.0_TP3.0_TS24,,,,,,,,,,,,,,,,,,
unexpected_tf:m5,64,M5,M5_ADX20_SL1.0_TP3.0_TSNone,,,,,,,,,,,,,,,,,,
unexpected_tf:m5,65,M5,M5_ADX20_SL1.5_TP1.5_TS8,,,,,,,,,,,,,,,,,,
unexpected_tf:m5,66,M5,M5_ADX20_SL1.5_TP1.5_TS16,,,,,,,,,,,,,,,,,,
unexpected_tf:m5,67,M5,M5_ADX20_SL1.5_TP1.5_TS24,,,,,,,,,,,,,,,,,,
unexpected_tf:m5,68,M5,M5_ADX20_SL1.5_TP1.5_TSNone,,,,,,,,,,,,,,,,,,
unexpected_tf:m5,69,M5,M5_ADX20_SL1.5_TP2.0_TS8,,,,,,,,,,,,,,,,,,
unexpected_tf:m5,70,M5,M5_ADX20_SL1.5_TP2.0_TS16,,,,,,,,,,,,,,,,,,
unexpected_tf:m5,71,M5,M5_ADX20_SL1.5_TP2.0_TS24,,,,,,,,,,,,,,,,,,
unexpected_tf:m5,72,M5,M5_ADX20_SL1.5_TP2.0_TSNone,,,,,,,,,,,,,,,,,,
unexpected_tf:m5,73,M5,M5_ADX20_SL1.5_TP2.5_TS8,,,,,,,,,,,,,,,,,,
unexpected_tf:m5,74,M5,M5_ADX20_SL1.5_TP2.5_TS16,,,,,,,,,,,,,,,,,,
unexpected_tf:m5,75,M5,M5_ADX20_SL1.5_TP2.5_TS24,,,,,,,,,,,,,,,,,,
unexpected_tf:m5,76,M5,M5_ADX20_SL1.5_TP2.5_TSNone,,,,,,,,,,,,,,,,,,
unexpected_tf:m5,77,M5,M5_ADX20_SL1.5_TP3.0_TS8,,,,,,,,,,,,,,,,,,
unexpected_tf:m5,78,M5,M5_ADX20_SL1.5_TP3.0_TS16,,,,,,,,,,,,,,,,,,
unexpected_tf:m5,79,M5,M5_ADX20_SL1.5_TP3.0_TS24,,,,,,,,,,,,,,,,,,
unexpected_tf:m5,80,M5,M5_ADX20_SL1.5_TP3.0_TSNone,,,,,,,,,,,,,,,,,,
unexpected_tf:m5,81,M5,M5_ADX20_SL2.0_TP1.5_TS8,,,,,,,,,,,,,,,,,,
unexpected_tf:m5,82,M5,M5_ADX20_SL2.0_TP1.5_TS16,,,,,,,,,,,,,,,,,,
unexpected_tf:m5,83,M5,M5_ADX20_SL2.0_TP1.5_TS24,,,,,,,,,,,,,,,,,,
unexpected_tf:m5,84,M5,M5_ADX20_SL2.0_TP1.5_TSNone,,,,,,,,,,,,,,,,,,
unexpected_tf:m5,85,M5,M5_ADX20_SL2.0_TP2.0_TS8,,,,,,,,,,,,,,,,,,
unexpected_tf:m5,86,M5,M5_ADX20_SL2.0_TP2.0_TS16,,,,,,,,,,,,,,,,,,
unexpected_tf:m5,87,M5,M5_ADX20_SL2.0_TP2.0_TS24,,,,,,,,,,,,,,,,,,
unexpected_tf:m5,88,M5,M5_ADX20_SL2.0_TP2.0_TSNone,,,,,,,,,,,,,,,,,,
unexpected_tf:m5,89,M5,M5_ADX20_SL2.0_TP2.5_TS8,,,,,,,,,,,,,,,,,,
unexpected_tf:m5,90,M5,M5_ADX20_SL2.0_TP2.5_TS16,,,,,,,,,,,,,,,,,,
unexpected_tf:m5,91,M5,M5_ADX20_SL2.0_TP2.5_TS24,,,,,,,,,,,,,,,,,,
unexpected_tf:m5,92,M5,M5_ADX20_SL2.0_TP2.5_TSNone,,,,,,,,,,,,,,,,,,
unexpected_tf:m5,93,M5,M5_ADX20_SL2.0_TP3.0_TS8,,,,,,,,,,,,,,,,,,
unexpected_tf:m5,94,M5,M5_ADX20_SL2.0_TP3.0_TS16,,,,,,,,,,,,,,,,,,
unexpected_tf:m5,95,M5,M5_ADX20_SL2.0_TP3.0_TS24,,,,,,,,,,,,,,,,,,
unexpected_tf:m5,96,M5,M5_ADX20_SL2.0_TP3.0_TSNone,,,,,,,,,,,,,,,,,,
unexpected_tf:m5,97,M5,M5_ADX22_SL1.0_TP1.5_TS8,,,,,,,,,,,,,,,,,,
unexpected_tf:m5,98,M5,M5_ADX22_SL1.0_TP1.5_TS16,,,,,,,,,,,,,,,,,,
unexpected_tf:m5,99,M5,M5_ADX22_SL1.0_TP1.5_TS24,,,,,,,,,,,,,,,,,,
unexpected_tf:m5,100,M5,M5_ADX22_SL1.0_TP1.5_TSNone,,,,,,,,,,,,,,,,,,
unexpected_tf:m5,101,M5,M5_ADX22_SL1.0_TP2.0_TS8,,,,,,,,,,,,,,,,,,
unexpected_tf:m5,102,M5,M5_ADX22_SL1.0_TP2.0_TS16,,,,,,,,,,,,,,,,,,
unexpected_tf:m5,103,M5,M5_ADX22_SL1.0_TP2.0_TS24,,,,,,,,,,,,,,,,,,
unexpected_tf:m5,104,M5,M5_ADX22_SL1.0_TP2.0_TSNone,,,,,,,,,,,,,,,,,,
unexpected_tf:m5,105,M5,M5_ADX22_SL1.0_TP2.5_TS8,,,,,,,,,,,,,,,,,,
unexpected_tf:m5,106,M5,M5_ADX22_SL1.0_TP2.5_TS16,,,,,,,,,,,,,,,,,,
unexpected_tf:m5,107,M5,M5_ADX22_SL1.0_TP2.5_TS24,,,,,,,,,,,,,,,,,,
unexpected_tf:m5,108,M5,M5_ADX22_SL1.0_TP2.5_TSNone,,,,,,,,,,,,,,,,,,
unexpected_tf:m5,109,M5,M5_ADX22_SL1.0_TP3.0_TS8,,,,,,,,,,,,,,,,,,
unexpected_tf:m5,110,M5,M5_ADX22_SL1.0_TP3.0_TS16,,,,,,,,,,,,,,,,,,
unexpected_tf:m5,111,M5,M5_ADX22_SL1.0_TP3.0_TS24,,,,,,,,,,,,,,,,,,
unexpected_tf:m5,112,M5,M5_ADX22_SL1.0_TP3.0_TSNone,,,,,,,,,,,,,,,,,,
unexpected_tf:m5,113,M5,M5_ADX22_SL1.5_TP1.5_TS8,,,,,,,,,,,,,,,,,,
unexpected_tf:m5,114,M5,M5_ADX22_SL1.5_TP1.5_TS16,,,,,,,,,,,,,,,,,,
unexpected_tf:m5,115,M5,M5_ADX22_SL1.5_TP1.5_TS24,,,,,,,,,,,,,,,,,,
unexpected_tf:m5,116,M5,M5_ADX22_SL1.5_TP1.5_TSNone,,,,,,,,,,,,,,,,,,
unexpected_tf:m5,117,M5,M5_ADX22_SL1.5_TP2.0_TS8,,,,,,,,,,,,,,,,,,
unexpected_tf:m5,118,M5,M5_ADX22_SL1.5_TP2.0_TS16,,,,,,,,,,,,,,,,,,
unexpected_tf:m5,119,M5,M5_ADX22_SL1.5_TP2.0_TS24,,,,,,,,,,,,,,,,,,
unexpected_tf:m5,120,M5,M5_ADX22_SL1.5_TP2.0_TSNone,,,,,,,,,,,,,,,,,,
unexpected_tf:m5,121,M5,M5_ADX22_SL1.5_TP2.5_TS8,,,,,,,,,,,,,,,,,,
unexpected_tf:m5,122,M5,M5_ADX22_SL1.5_TP2.5_TS16,,,,,,,,,,,,,,,,,,
unexpected_tf:m5,123,M5,M5_ADX22_SL1.5_TP2.5_TS24,,,,,,,,,,,,,,,,,,
unexpected_tf:m5,124,M5,M5_ADX22_SL1.5_TP2.5_TSNone,,,,,,,,,,,,,,,,,,
unexpected_tf:m5,125,M5,M5_ADX22_SL1.5_TP3.0_TS8,,,,,,,,,,,,,,,,,,
unexpected_tf:m5,126,M5,M5_ADX22_SL1.5_TP3.0_TS16,,,,,,,,,,,,,,,,,,
unexpected_tf:m5,127,M5,M5_ADX22_SL1.5_TP3.0_TS24,,,,,,,,,,,,,,,,,,
unexpected_tf:m5,128,M5,M5_ADX22_SL1.5_TP3.0_TSNone,,,,,,,,,,,,,,,,,,
unexpected_tf:m5,129,M5,M5_ADX22_SL2.0_TP1.5_TS8,,,,,,,,,,,,,,,,,,
unexpected_tf:m5,130,M5,M5_ADX22_SL2.0_TP1.5_TS16,,,,,,,,,,,,,,,,,,
unexpected_tf:m5,131,M5,M5_ADX22_SL2.0_TP1.5_TS24,,,,,,,,,,,,,,,,,,
unexpected_tf:m5,132,M5,M5_ADX22_SL2.0_TP1.5_TSNone,,,,,,,,,,,,,,,,,,
unexpected_tf:m5,133,M5,M5_ADX22_SL2.0_TP2.0_TS8,,,,,,,,,,,,,,,,,,
unexpected_tf:m5,134,M5,M5_ADX22_SL2.0_TP2.0_TS16,,,,,,,,,,,,,,,,,,
unexpected_tf:m5,135,M5,M5_ADX22_SL2.0_TP2.0_TS24,,,,,,,,,,,,,,,,,,
unexpected_tf:m5,136,M5,M5_ADX22_SL2.0_TP2.0_TSNone,,,,,,,,,,,,,,,,,,
unexpected_tf:m5,137,M5,M5_ADX22_SL2.0_TP2.5_TS8,,,,,,,,,,,,,,,,,,
unexpected_tf:m5,138,M5,M5_ADX22_SL2.0_TP2.5_TS16,,,,,,,,,,,,,,,,,,
unexpected_tf:m5,139,M5,M5_ADX22_SL2.0_TP2.5_TS24,,,,,,,,,,,,,,,,,,
unexpected_tf:m5,140,M5,M5_ADX22_SL2.0_TP2.5_TSNone,,,,,,,,,,,,,,,,,,
unexpected_tf:m5,141,M5,M5_ADX22_SL2.0_TP3.0_TS8,,,,,,,,,,,,,,,,,,
unexpected_tf:m5,142,M5,M5_ADX22_SL2.0_TP3.0_TS16,,,,,,,,,,,,,,,,,,
unexpected_tf:m5,143,M5,M5_ADX22_SL2.0_TP3.0_TS24,,,,,,,,,,,,,,,,,,
unexpected_tf:m5,144,M5,M5_ADX22_SL2.0_TP3.0_TSNone,,,,,,,,,,,,,,,,,,
unexpected_tf:m5,145,M5,M5_ADX25_SL1.0_TP1.5_TS8,,,,,,,,,,,,,,,,,,
unexpected_tf:m5,146,M5,M5_ADX25_SL1.0_TP1.5_TS16,,,,,,,,,,,,,,,,,,
unexpected_tf:m5,147,M5,M5_ADX25_SL1.0_TP1.5_TS24,,,,,,,,,,,,,,,,,,
unexpected_tf:m5,148,M5,M5_ADX25_SL1.0_TP1.5_TSNone,,,,,,,,,,,,,,,,,,
unexpected_tf:m5,149,M5,M5_ADX25_SL1.0_TP2.0_TS8,,,,,,,,,,,,,,,,,,
unexpected_tf:m5,150,M5,M5_ADX25_SL1.0_TP2.0_TS16,,,,,,,,,,,,,,,,,,
unexpected_tf:m5,151,M5,M5_ADX25_SL1.0_TP2.0_TS24,,,,,,,,,,,,,,,,,,
unexpected_tf:m5,152,M5,M5_ADX25_SL1.0_TP2.0_TSNone,,,,,,,,,,,,,,,,,,
unexpected_tf:m5,153,M5,M5_ADX25_SL1.0_TP2.5_TS8,,,,,,,,,,,,,,,,,,
unexpected_tf:m5,154,M5,M5_ADX25_SL1.0_TP2.5_TS16,,,,,,,,,,,,,,,,,,
unexpected_tf:m5,155,M5,M5_ADX25_SL1.0_TP2.5_TS24,,,,,,,,,,,,,,,,,,
unexpected_tf:m5,156,M5,M5_ADX25_SL1.0_TP2.5_TSNone,,,,,,,,,,,,,,,,,,
unexpected_tf:m5,157,M5,M5_ADX25_SL1.0_TP3.0_TS8,,,,,,,,,,,,,,,,,,
unexpected_tf:m5,158,M5,M5_ADX25_SL1.0_TP3.0_TS16,,,,,,,,,,,,,,,,,,
unexpected_tf:m5,159,M5,M5_ADX25_SL1.0_TP3.0_TS24,,,,,,,,,,,,,,,,,,
unexpected_tf:m5,160,M5,M5_ADX25_SL1.0_TP3.0_TSNone,,,,,,,,,,,,,,,,,,
unexpected_tf:m5,161,M5,M5_ADX25_SL1.5_TP1.5_TS8,,,,,,,,,,,,,,,,,,
unexpected_tf:m5,162,M5,M5_ADX25_SL1.5_TP1.5_TS16,,,,,,,,,,,,,,,,,,
unexpected_tf:m5,163,M5,M5_ADX25_SL1.5_TP1.5_TS24,,,,,,,,,,,,,,,,,,
unexpected_tf:m5,164,M5,M5_ADX25_SL1.5_TP1.5_TSNone,,,,,,,,,,,,,,,,,,
unexpected_tf:m5,165,M5,M5_ADX25_SL1.5_TP2.0_TS8,,,,,,,,,,,,,,,,,,
unexpected_tf:m5,166,M5,M5_ADX25_SL1.5_TP2.0_TS16,,,,,,,,,,,,,,,,,,
unexpected_tf:m5,167,M5,M5_ADX25_SL1.5_TP2.0_TS24,,,,,,,,,,,,,,,,,,
unexpected_tf:m5,168,M5,M5_ADX25_SL1.5_TP2.0_TSNone,,,,,,,,,,,,,,,,,,
unexpected_tf:m5,169,M5,M5_ADX25_SL1.5_TP2.5_TS8,,,,,,,,,,,,,,,,,,
unexpected_tf:m5,170,M5,M5_ADX25_SL1.5_TP2.5_TS16,,,,,,,,,,,,,,,,,,
unexpected_tf:m5,171,M5,M5_ADX25_SL1.5_TP2.5_TS24,,,,,,,,,,,,,,,,,,
unexpected_tf:m5,172,M5,M5_ADX25_SL1.5_TP2.5_TSNone,,,,,,,,,,,,,,,,,,
unexpected_tf:m5,173,M5,M5_ADX25_SL1.5_TP3.0_TS8,,,,,,,,,,,,,,,,,,
unexpected_tf:m5,174,M5,M5_ADX25_SL1.5_TP3.0_TS16,,,,,,,,,,,,,,,,,,
unexpected_tf:m5,175,M5,M5_ADX25_SL1.5_TP3.0_TS24,,,,,,,,,,,,,,,,,,
unexpected_tf:m5,176,M5,M5_ADX25_SL1.5_TP3.0_TSNone,,,,,,,,,,,,,,,,,,
unexpected_tf:m5,177,M5,M5_ADX25_SL2.0_TP1.5_TS8,,,,,,,,,,,,,,,,,,
unexpected_tf:m5,178,M5,M5_ADX25_SL2.0_TP1.5_TS16,,,,,,,,,,,,,,,,,,
unexpected_tf:m5,179,M5,M5_ADX25_SL2.0_TP1.5_TS24,,,,,,,,,,,,,,,,,,
unexpected_tf:m5,180,M5,M5_ADX25_SL2.0_TP1.5_TSNone,,,,,,,,,,,,,,,,,,
unexpected_tf:m5,181,M5,M5_ADX25_SL2.0_TP2.0_TS8,,,,,,,,,,,,,,,,,,
unexpected_tf:m5,182,M5,M5_ADX25_SL2.0_TP2.0_TS16,,,,,,,,,,,,,,,,,,
unexpected_tf:m5,183,M5,M5_ADX25_SL2.0_TP2.0_TS24,,,,,,,,,,,,,,,,,,
unexpected_tf:m5,184,M5,M5_ADX25_SL2.0_TP2.0_TSNone,,,,,,,,,,,,,,,,,,
unexpected_tf:m5,185,M5,M5_ADX25_SL2.0_TP2.5_TS8,,,,,,,,,,,,,,,,,,
unexpected_tf:m5,186,M5,M5_ADX25_SL2.0_TP2.5_TS16,,,,,,,,,,,,,,,,,,
unexpected_tf:m5,187,M5,M5_ADX25_SL2.0_TP2.5_TS24,,,,,,,,,,,,,,,,,,
unexpected_tf:m5,188,M5,M5_ADX25_SL2.0_TP2.5_TSNone,,,,,,,,,,,,,,,,,,
unexpected_tf:m5,189,M5,M5_ADX25_SL2.0_TP3.0_TS8,,,,,,,,,,,,,,,,,,
unexpected_tf:m5,190,M5,M5_ADX25_SL2.0_TP3.0_TS16,,,,,,,,,,,,,,,,,,
unexpected_tf:m5,191,M5,M5_ADX25_SL2.0_TP3.0_TS24,,,,,,,,,,,,,,,,,,
unexpected_tf:m5,192,M5,M5_ADX25_SL2.0_TP3.0_TSNone,,,,,,,,,,,,,,,,,,
,193,M15,M15_ADX18_SL1.0_TP1.5_TS4,42.0,28.57,0.38,-12.33,-12.33,-0.81,1.2579,-1.3252,175.34,2.3,10.0,30.0,2.0,54721.0,ADX18_SL1.0_TP1.5_TS4_SES13,False,False,False
,194,M15,M15_ADX18_SL1.0_TP1.5_TS8,29.0,20.69,0.26,-12.63,-12.63,-0.97,1.4842,-1.4853,174.74,2.2,0.0,28.0,1.0,54721.0,ADX18_SL1.0_TP1.5_TS8_SES13,False,False,False
,195,M15,M15_ADX18_SL1.0_TP1.5_TS12,29.0,20.69,0.26,-12.63,-12.63,-0.97,1.4842,-1.4853,174.74,2.2,0.0,28.0,1.0,54721.0,ADX18_SL1.0_TP1.5_TS12_SES13,False,False,False
,196,M15,M15_ADX18_SL1.0_TP1.5_TSNone,29.0,20.69,0.26,-12.63,-12.63,-0.97,1.4842,-1.4853,174.74,2.2,0.0,28.0,1.0,54721.0,ADX18_SL1.0_TP1.5_TSNone_SES13,False,False,False
,197,M15,M15_ADX18_SL1.0_TP2.0_TS4,43.0,27.91,0.39,-12.74,-12.74,-0.8,1.3412,-1.3408,174.53,2.3,10.0,32.0,1.0,54721.0,ADX18_SL1.0_TP2.0_TS4_SES13,False,False,False
,198,M15,M15_ADX18_SL1.0_TP2.0_TS8,29.0,20.69,0.26,-12.58,-12.58,-0.96,1.5007,-1.4858,174.83,2.2,0.0,29.0,0.0,54721.0,ADX18_SL1.0_TP2.0_TS8_SES13,False,False,False
,199,M15,M15_ADX18_SL1.0_TP2.0_TS12,29.0,20.69,0.26,-12.58,-12.58,-0.96,1.5007,-1.4858,174.83,2.2,0.0,29.0,0.0,54721.0,ADX18_SL1.0_TP2.0_TS12_SES13,False,False,False
,200,M15,M15_ADX18_SL1.0_TP2.0_TSNone,29.0,20.69,0.26,-12.58,-12.58,-0.96,1.5007,-1.4858,174.83,2.2,0.0,29.0,0.0,54721.0,ADX18_SL1.0_TP2.0_TSNone_SES13,False,False,False
,201,M15,M15_ADX18_SL1.0_TP2.5_TS4,38.0,26.32,0.33,-12.76,-12.76,-0.89,1.2454,-1.3566,174.47,2.3,8.0,30.0,0.0,54721.0,ADX18_SL1.0_TP2.5_TS4_SES13,False,False,False
,202,M15,M15_ADX18_SL1.0_TP2.5_TS8,29.0,20.69,0.26,-12.58,-12.58,-0.96,1.5007,-1.4858,174.83,2.2,0.0,29.0,0.0,54721.0,ADX18_SL1.0_TP2.5_TS8_SES13,False,False,False
,203,M15,M15_ADX18_SL1.0_TP2.5_TS12,29.0,20.69,0.26,-12.58,-12.58,-0.96,1.5007,-1.4858,174.83,2.2,0.0,29.0,0.0,54721.0,ADX18_SL1.0_TP2.5_TS12_SES13,False,False,False
,204,M15,M15_ADX18_SL1.0_TP2.5_TSNone,29.0,20.69,0.26,-12.58,-12.58,-0.96,1.5007,-1.4858,174.83,2.2,0.0,29.0,0.0,54721.0,ADX18_SL1.0_TP2.5_TSNone_SES13,False,False,False
,205,M15,M15_ADX18_SL1.0_TP3.0_TS4,38.0,26.32,0.33,-12.76,-12.76,-0.89,1.2454,-1.3566,174.47,2.3,8.0,30.0,0.0,54721.0,ADX18_SL1.0_TP3.0_TS4_SES13,False,False,False
,206,M15,M15_ADX18_SL1.0_TP3.0_TS8,29.0,20.69,0.26,-12.58,-12.58,-0.96,1.5007,-1.4858,174.83,2.2,0.0,29.0,0.0,54721.0,ADX18_SL1.0_TP3.0_TS8_SES13,False,False,False
,207,M15,M15_ADX18_SL1.0_TP3.0_TS12,29.0,20.69,0.26,-12.58,-12.58,-0.96,1.5007,-1.4858,174.83,2.2,0.0,29.0,0.0,54721.0,ADX18_SL1.0_TP3.0_TS12_SES13,False,False,False
,208,M15,M15_ADX18_SL1.0_TP3.0_TSNone,29.0,20.69,0.26,-12.58,-12.58,-0.96,1.5007,-1.4858,174.83,2.2,0.0,29.0,0.0,54721.0,ADX18_SL1.0_TP3.0_TSNone_SES13,False,False,False
,209,M15,M15_ADX18_SL1.5_TP1.5_TS4,50.0,30.0,0.33,-12.85,-12.85,-0.98,0.8512,-1.099,174.3,2.6,17.0,31.0,2.0,54721.0,ADX18_SL1.5_TP1.5_TS4_SES13,False,False,False
,210,M15,M15_ADX18_SL1.5_TP1.5_TS8,41.0,19.51,0.23,-12.8,-12.8,-1.12,0.9805,-1.0133,174.41,3.0,1.0,38.0,2.0,54721.0,ADX18_SL1.5_TP1.5_TS8_SES13,False,False,False
,211,M15,M15_ADX18_SL1.5_TP1.5_TS12,40.0,20.0,0.25,-12.07,-12.07,-1.08,0.979,-0.9988,175.87,3.0,0.0,38.0,2.0,54721.0,ADX18_SL1.5_TP1.5_TS12_SES13,False,False,False
,212,M15,M15_ADX18_SL1.5_TP1.5_TSNone,40.0,20.0,0.25,-12.07,-12.07,-1.08,0.979,-0.9988,175.87,3.0,0.0,38.0,2.0,54721.0,ADX18_SL1.5_TP1.5_TSNone_SES13,False,False,False
,213,M15,M15_ADX18_SL1.5_TP2.0_TS4,50.0,30.0,0.35,-12.53,-12.53,-0.94,0.8972,-1.1006,174.94,2.6,17.0,32.0,1.0,54721.0,ADX18_SL1.5_TP2.0_TS4_SES13,False,False,False
,214,M15,M15_ADX18_SL1.5_TP2.0_TS8,41.0,19.51,0.25,-12.48,-12.48,-1.06,1.0636,-1.0142,175.04,3.0,1.0,39.0,1.0,54721.0,ADX18_SL1.5_TP2.0_TS8_SES13,False,False,False
,215,M15,M15_ADX18_SL1.5_TP2.0_TS12,41.0,19.51,0.25,-12.63,-12.63,-1.07,1.0619,-1.0227,174.74,3.0,0.0,40.0,1.0,54721.0,ADX18_SL1.5_TP2.0_TS12_SES13,False,False,False
,216,M15,M15_ADX18_SL1.5_TP2.0_TSNone,41.0,19.51,0.25,-12.63,-12.63,-1.07,1.0619,-1.0227,174.74,3.0,0.0,40.0,1.0,54721.0,ADX18_SL1.5_TP2.0_TSNone_SES13,False,False,False
,217,M15,M15_ADX18_SL1.5_TP2.5_TS4,43.0,25.58,0.25,-12.39,-12.39,-1.07,0.7663,-1.0379,175.22,2.7,15.0,28.0,0.0,54721.0,ADX18_SL1.5_TP2.5_TS4_SES13,False,False,False
,218,M15,M15_ADX18_SL1.5_TP2.5_TS8,38.0,18.42,0.2,-12.35,-12.35,-1.16,0.8741,-0.9944,175.29,3.1,1.0,37.0,0.0,54721.0,ADX18_SL1.5_TP2.5_TS8_SES13,False,False,False
,219,M15,M15_ADX18_SL1.5_TP2.5_TS12,36.0,16.67,0.2,-12.11,-12.11,-1.13,1.0126,-1.0099,175.78,3.0,0.0,36.0,0.0,54721.0,ADX18_SL1.5_TP2.5_TS12_SES13,False,False,False
,220,M15,M15_ADX18_SL1.5_TP2.5_TSNone,36.0,16.67,0.2,-12.11,-12.11,-1.13,1.0126,-1.0099,175.78,3.0,0.0,36.0,0.0,54721.0,ADX18_SL1.5_TP2.5_TSNone_SES13,False,False,False
,221,M15,M15_ADX18_SL1.5_TP3.0_TS4,43.0,25.58,0.25,-12.39,-12.39,-1.07,0.7663,-1.0379,175.22,2.7,15.0,28.0,0.0,54721.0,ADX18_SL1.5_TP3.0_TS4_SES13,False,False,False
,222,M15,M15_ADX18_SL1.5_TP3.0_TS8,38.0,18.42,0.2,-12.35,-12.35,-1.16,0.8741,-0.9944,175.29,3.1,1.0,37.0,0.0,54721.0,ADX18_SL1.5_TP3.0_TS8_SES13,False,False,False
,223,M15,M15_ADX18_SL1.5_TP3.0_TS12,36.0,16.67,0.2,-12.11,-12.11,-1.13,1.0126,-1.0099,175.78,3.0,0.0,36.0,0.0,54721.0,ADX18_SL1.5_TP3.0_TS12_SES13,False,False,False
,224,M15,M15_ADX18_SL1.5_TP3.0_TSNone,36.0,16.67,0.2,-12.11,-12.11,-1.13,1.0126,-1.0099,175.78,3.0,0.0,36.0,0.0,54721.0,ADX18_SL1.5_TP3.0_TSNone_SES13,False,False,False
,225,M15,M15_ADX18_SL2.0_TP1.5_TS4,57.0,29.82,0.31,-12.48,-12.48,-1.1,0.6476,-0.899,175.05,2.6,19.0,36.0,2.0,54721.0,ADX18_SL2.0_TP1.5_TS4_SES13,False,False,False
,226,M15,M15_ADX18_SL2.0_TP1.5_TS8,49.0,22.45,0.23,-12.12,-12.12,-1.22,0.6429,-0.8242,175.75,3.0,2.0,45.0,2.0,54721.0,ADX18_SL2.0_TP1.5_TS8_SES13,False,False,False
,227,M15,M15_ADX18_SL2.0_TP1.5_TS12,49.0,22.45,0.22,-12.34,-12.34,-1.23,0.6422,-0.8355,175.31,3.1,1.0,46.0,2.0,54721.0,ADX18_SL2.0_TP1.5_TS12_SES13,False,False,False
,228,M15,M15_ADX18_SL2.0_TP1.5_TSNone,49.0,22.45,0.22,-12.55,-12.55,-1.24,0.6422,-0.8465,174.9,3.1,0.0,47.0,2.0,54721.0,ADX18_SL2.0_TP1.5_TSNone_SES13,False,False,False
,229,M15,M15_ADX18_SL2.0_TP2.0_TS4,57.0,29.82,0.32,-12.24,-12.24,-1.06,0.6786,-0.9002,175.53,2.6,19.0,37.0,1.0,54721.0,ADX18_SL2.0_TP2.0_TS4_SES13,False,False,False
,230,M15,M15_ADX18_SL2.0_TP2.0_TS8,50.0,22.0,0.23,-12.76,-12.76,-1.22,0.6895,-0.849,174.47,3.0,2.0,47.0,1.0,54721.0,ADX18_SL2.0_TP2.0_TS8_SES13,False,False,False
,231,M15,M15_ADX18_SL2.0_TP2.0_TS12,49.0,22.45,0.24,-12.1,-12.1,-1.19,0.6887,-0.8364,175.79,3.1,1.0,47.0,1.0,54721.0,ADX18_SL2.0_TP2.0_TS12_SES13,False,False,False
,232,M15,M15_ADX18_SL2.0_TP2.0_TSNone,49.0,22.45,0.24,-12.31,-12.31,-1.2,0.6887,-0.8474,175.37,3.2,0.0,48.0,1.0,54721.0,ADX18_SL2.0_TP2.0_TSNone_SES13,False,False,False
,233,M15,M15_ADX18_SL2.0_TP2.5_TS4,53.0,28.3,0.27,-12.5,-12.5,-1.14,0.6074,-0.8975,175.01,2.7,19.0,34.0,0.0,54721.0,ADX18_SL2.0_TP2.5_TS4_SES13,False,False,False
,234,M15,M15_ADX18_SL2.0_TP2.5_TS8,46.0,19.57,0.18,-12.28,-12.28,-1.29,0.6131,-0.813,175.44,3.0,1.0,45.0,0.0,54721.0,ADX18_SL2.0_TP2.5_TS8_SES13,False,False,False
,235,M15,M15_ADX18_SL2.0_TP2.5_TS12,46.0,19.57,0.18,-12.39,-12.39,-1.29,0.6124,-0.8188,175.21,3.0,0.0,46.0,0.0,54721.0,ADX18_SL2.0_TP2.5_TS12_SES13,False,False,False
,236,M15,M15_ADX18_SL2.0_TP2.5_TSNone,46.0,19.57,0.18,-12.39,-12.39,-1.29,0.6124,-0.8188,175.21,3.0,0.0,46.0,0.0,54721.0,ADX18_SL2.0_TP2.5_TSNone_SES13,False,False,False
,237,M15,M15_ADX18_SL2.0_TP3.0_TS4,53.0,28.3,0.27,-12.5,-12.5,-1.14,0.6074,-0.8975,175.01,2.7,19.0,34.0,0.0,54721.0,ADX18_SL2.0_TP3.0_TS4_SES13,False,False,False
,238,M15,M15_ADX18_SL2.0_TP3.0_TS8,46.0,19.57,0.18,-12.28,-12.28,-1.29,0.6131,-0.813,175.44,3.0,1.0,45.0,0.0,54721.0,ADX18_SL2.0_TP3.0_TS8_SES13,False,False,False
,239,M15,M15_ADX18_SL2.0_TP3.0_TS12,46.0,19.57,0.18,-12.39,-12.39,-1.29,0.6124,-0.8188,175.21,3.0,0.0,46.0,0.0,54721.0,ADX18_SL2.0_TP3.0_TS12_SES13,False,False,False
,240,M15,M15_ADX18_SL2.0_TP3.0_TSNone,46.0,19.57,0.18,-12.39,-12.39,-1.29,0.6124,-0.8188,175.21,3.0,0.0,46.0,0.0,54721.0,ADX18_SL2.0_TP3.0_TSNone_SES13,False,False,False
,241,M15,M15_ADX20_SL1.0_TP1.5_TS4,42.0,28.57,0.39,-12.55,-12.55,-0.81,1.3473,-1.3755,174.9,2.2,10.0,30.0,2.0,54721.0,ADX20_SL1.0_TP1.5_TS4_SES13,False,False,False
,242,M15,M15_ADX20_SL1.0_TP1.5_TS8,35.0,20.0,0.33,-12.17,-12.17,-0.88,1.6779,-1.2884,175.67,2.5,0.0,33.0,2.0,54721.0,ADX20_SL1.0_TP1.5_TS8_SES13,False,False,False
,243,M15,M15_ADX20_SL1.0_TP1.5_TS12,35.0,20.0,0.33,-12.17,-12.17,-0.88,1.6779,-1.2884,175.67,2.5,0.0,33.0,2.0,54721.0,ADX20_SL1.0_TP1.5_TS12_SES13,False,False,False
,244,M15,M15_ADX20_SL1.0_TP1.5_TSNone,35.0,20.0,0.33,-12.17,-12.17,-0.88,1.6779,-1.2884,175.67,2.5,0.0,33.0,2.0,54721.0,ADX20_SL1.0_TP1.5_TSNone_SES13,False,False,False
,245,M15,M15_ADX20_SL1.0_TP2.0_TS4,42.0,28.57,0.42,-12.07,-12.07,-0.75,1.4336,-1.3783,175.85,2.2,10.0,31.0,1.0,54721.0,ADX20_SL1.0_TP2.0_TS4_SES13,False,False,False
,246,M15,M15_ADX20_SL1.0_TP2.0_TS8,36.0,19.44,0.34,-12.35,-12.35,-0.85,1.8196,-1.2912,175.29,2.5,0.0,35.0,1.0,54721.0,ADX20_SL1.0_TP2.0_TS8_SES13,False,False,False
,247,M15,M15_ADX20_SL1.0_TP2.0_TS12,36.0,19.44,0.34,-12.35,-12.35,-0.85,1.8196,-1.2912,175.29,2.5,0.0,35.0,1.0,54721.0,ADX20_SL1.0_TP2.0_TS12_SES13,False,False,False
,248,M15,M15_ADX20_SL1.0_TP2.0_TSNone,36.0,19.44,0.34,-12.35,-12.35,-0.85,1.8196,-1.2912,175.29,2.5,0.0,35.0,1.0,54721.0,ADX20_SL1.0_TP2.0_TSNone_SES13,False,False,False
,249,M15,M15_ADX20_SL1.0_TP2.5_TS4,37.0,24.32,0.33,-12.24,-12.24,-0.88,1.3299,-1.3018,175.52,2.3,10.0,27.0,0.0,54721.0,ADX20_SL1.0_TP2.5_TS4_SES13,False,False,False
,250,M15,M15_ADX20_SL1.0_TP2.5_TS8,33.0,18.18,0.26,-12.87,-12.87,-1.0,1.5294,-1.2929,174.27,2.4,0.0,33.0,0.0,54721.0,ADX20_SL1.0_TP2.5_TS8_SES13,False,False,False
,251,M15,M15_ADX20_SL1.0_TP2.5_TS12,33.0,18.18,0.26,-12.87,-12.87,-1.0,1.5294,-1.2929,174.27,2.4,0.0,33.0,0.0,54721.0,ADX20_SL1.0_TP2.5_TS12_SES13,False,False,False
,252,M15,M15_ADX20_SL1.0_TP2.5_TSNone,33.0,18.18,0.26,-12.87,-12.87,-1.0,1.5294,-1.2929,174.27,2.4,0.0,33.0,0.0,54721.0,ADX20_SL1.0_TP2.5_TSNone_SES13,False,False,False
,253,M15,M15_ADX20_SL1.0_TP3.0_TS4,37.0,24.32,0.33,-12.24,-12.24,-0.88,1.3299,-1.3018,175.52,2.3,10.0,27.0,0.0,54721.0,ADX20_SL1.0_TP3.0_TS4_SES13,False,False,False
,254,M15,M15_ADX20_SL1.0_TP3.0_TS8,33.0,18.18,0.26,-12.87,-12.87,-1.0,1.5294,-1.2929,174.27,2.4,0.0,33.0,0.0,54721.0,ADX20_SL1.0_TP3.0_TS8_SES13,False,False,False
,255,M15,M15_ADX20_SL1.0_TP3.0_TS12,33.0,18.18,0.26,-12.87,-12.87,-1.0,1.5294,-1.2929,174.27,2.4,0.0,33.0,0.0,54721.0,ADX20_SL1.0_TP3.0_TS12_SES13,False,False,False
,256,M15,M15_ADX20_SL1.0_TP3.0_TSNone,33.0,18.18,0.26,-12.87,-12.87,-1.0,1.5294,-1.2929,174.27,2.4,0.0,33.0,0.0,54721.0,ADX20_SL1.0_TP3.0_TSNone_SES13,False,False,False
,257,M15,M15_ADX20_SL1.5_TP1.5_TS4,43.0,27.91,0.31,-12.14,-12.14,-0.97,0.8995,-1.1315,175.72,2.5,14.0,27.0,2.0,54721.0,ADX20_SL1.5_TP1.5_TS4_SES13,False,False,False
,258,M15,M15_ADX20_SL1.5_TP1.5_TS8,38.0,18.42,0.24,-12.23,-12.23,-1.07,1.1244,-1.0429,175.54,2.9,0.0,36.0,2.0,54721.0,ADX20_SL1.5_TP1.5_TS8_SES13,False,False,False
,259,M15,M15_ADX20_SL1.5_TP1.5_TS12,38.0,18.42,0.24,-12.23,-12.23,-1.07,1.1244,-1.0429,175.54,2.9,0.0,36.0,2.0,54721.0,ADX20_SL1.5_TP1.5_TS12_SES13,False,False,False
,260,M15,M15_ADX20_SL1.5_TP1.5_TSNone,38.0,18.42,0.24,-12.23,-12.23,-1.07,1.1244,-1.0429,175.54,2.9,0.0,36.0,2.0,54721.0,ADX20_SL1.5_TP1.5_TSNone_SES13,False,False,False
,261,M15,M15_ADX20_SL1.5_TP2.0_TS4,45.0,28.89,0.33,-12.55,-12.55,-0.93,0.9638,-1.176,174.9,2.6,15.0,29.0,1.0,54721.0,ADX20_SL1.5_TP2.0_TS4_SES13,False,False,False
,262,M15,M15_ADX20_SL1.5_TP2.0_TS8,40.0,20.0,0.27,-12.43,-12.43,-1.03,1.1585,-1.0667,175.13,2.8,0.0,39.0,1.0,54721.0,ADX20_SL1.5_TP2.0_TS8_SES13,False,False,False
,263,M15,M15_ADX20_SL1.5_TP2.0_TS12,40.0,20.0,0.27,-12.43,-12.43,-1.03,1.1585,-1.0667,175.13,2.8,0.0,39.0,1.0,54721.0,ADX20_SL1.5_TP2.0_TS12_SES13,False,False,False
,264,M15,M15_ADX20_SL1.5_TP2.0_TSNone,40.0,20.0,0.27,-12.43,-12.43,-1.03,1.1585,-1.0667,175.13,2.8,0.0,39.0,1.0,54721.0,ADX20_SL1.5_TP2.0_TSNone_SES13,False,False,False
,265,M15,M15_ADX20_SL1.5_TP2.5_TS4,42.0,26.19,0.27,-12.31,-12.31,-1.04,0.8169,-1.0843,175.37,2.6,14.0,28.0,0.0,54721.0,ADX20_SL1.5_TP2.5_TS4_SES13,False,False,False
,266,M15,M15_ADX20_SL1.5_TP2.5_TS8,37.0,16.22,0.2,-12.57,-12.57,-1.16,1.0199,-1.0085,174.85,3.0,0.0,37.0,0.0,54721.0,ADX20_SL1.5_TP2.5_TS8_SES13,False,False,False
,267,M15,M15_ADX20_SL1.5_TP2.5_TS12,37.0,16.22,0.2,-12.57,-12.57,-1.16,1.0199,-1.0085,174.85,3.0,0.0,37.0,0.0,54721.0,ADX20_SL1.5_TP2.5_TS12_SES13,False,False,False
,268,M15,M15_ADX20_SL1.5_TP2.5_TSNone,37.0,16.22,0.2,-12.57,-12.57,-1.16,1.0199,-1.0085,174.85,3.0,0.0,37.0,0.0,54721.0,ADX20_SL1.5_TP2.5_TSNone_SES13,False,False,False
,269,M15,M15_ADX20_SL1.5_TP3.0_TS4,42.0,26.19,0.27,-12.31,-12.31,-1.04,0.8169,-1.0843,175.37,2.6,14.0,28.0,0.0,54721.0,ADX20_SL1.5_TP3.0_TS4_SES13,False,False,False
,270,M15,M15_ADX20_SL1.5_TP3.0_TS8,37.0,16.22,0.2,-12.57,-12.57,-1.16,1.0199,-1.0085,174.85,3.0,0.0,37.0,0.0,54721.0,ADX20_SL1.5_TP3.0_TS8_SES13,False,False,False
,271,M15,M15_ADX20_SL1.5_TP3.0_TS12,37.0,16.22,0.2,-12.57,-12.57,-1.16,1.0199,-1.0085,174.85,3.0,0.0,37.0,0.0,54721.0,ADX20_SL1.5_TP3.0_TS12_SES13,False,False,False
,272,M15,M15_ADX20_SL1.5_TP3.0_TSNone,37.0,16.22,0.2,-12.57,-12.57,-1.16,1.0199,-1.0085,174.85,3.0,0.0,37.0,0.0,54721.0,ADX20_SL1.5_TP3.0_TSNone_SES13,False,False,False
,273,M15,M15_ADX20_SL2.0_TP1.5_TS4,61.0,31.15,0.33,-12.19,-12.19,-1.07,0.625,-0.8633,175.62,2.7,22.0,37.0,2.0,54721.0,ADX20_SL2.0_TP1.5_TS4_SES13,False,False,False
,274,M15,M15_ADX20_SL2.0_TP1.5_TS8,53.0,22.64,0.28,-12.12,-12.12,-1.15,0.7791,-0.8192,175.76,2.9,1.0,50.0,2.0,54721.0,ADX20_SL2.0_TP1.5_TS8_SES13,False,False,False
,275,M15,M15_ADX20_SL2.0_TP1.5_TS12,48.0,22.92,0.25,-12.05,-12.05,-1.17,0.7318,-0.869,175.9,3.0,1.0,45.0,2.0,54721.0,ADX20_SL2.0_TP1.5_TS12_SES13,False,False,False
,276,M15,M15_ADX20_SL2.0_TP1.5_TSNone,48.0,22.92,0.25,-12.26,-12.26,-1.18,0.7315,-0.8803,175.48,3.0,0.0,46.0,2.0,54721.0,ADX20_SL2.0_TP1.5_TSNone_SES13,False,False,False
,277,M15,M15_ADX20_SL2.0_TP2.0_TS4,63.0,31.75,0.34,-12.23,-12.23,-1.05,0.6416,-0.8673,175.54,2.7,24.0,38.0,1.0,54721.0,ADX20_SL2.0_TP2.0_TS4_SES13,False,False,False
,278,M15,M15_ADX20_SL2.0_TP2.0_TS8,55.0,21.82,0.28,-12.45,-12.45,-1.15,0.8227,-0.8089,175.09,3.0,1.0,53.0,1.0,54721.0,ADX20_SL2.0_TP2.0_TS8_SES13,False,False,False
,279,M15,M15_ADX20_SL2.0_TP2.0_TS12,54.0,22.22,0.29,-12.1,-12.1,-1.12,0.8225,-0.8113,175.8,3.0,1.0,52.0,1.0,54721.0,ADX20_SL2.0_TP2.0_TS12_SES13,False,False,False
,280,M15,M15_ADX20_SL2.0_TP2.0_TSNone,48.0,22.92,0.26,-12.02,-12.02,-1.14,0.7788,-0.8814,175.96,3.0,0.0,47.0,1.0,54721.0,ADX20_SL2.0_TP2.0_TSNone_SES13,False,False,False
,281,M15,M15_ADX20_SL2.0_TP2.5_TS4,55.0,27.27,0.29,-12.0,-12.0,-1.11,0.6582,-0.8469,176.0,2.7,19.0,36.0,0.0,54721.0,ADX20_SL2.0_TP2.5_TS4_SES13,False,False,False
,282,M15,M15_ADX20_SL2.0_TP2.5_TS8,45.0,20.0,0.2,-12.29,-12.29,-1.25,0.6862,-0.8543,175.42,3.0,1.0,44.0,0.0,54721.0,ADX20_SL2.0_TP2.5_TS8_SES13,False,False,False
,283,M15,M15_ADX20_SL2.0_TP2.5_TS12,43.0,18.6,0.18,-12.08,-12.08,-1.27,0.6744,-0.8442,175.85,3.1,1.0,42.0,0.0,54721.0,ADX20_SL2.0_TP2.5_TS12_SES13,False,False,False
,284,M15,M15_ADX20_SL2.0_TP2.5_TSNone,43.0,18.6,0.18,-12.29,-12.29,-1.28,0.6744,-0.8562,175.43,3.1,0.0,43.0,0.0,54721.0,ADX20_SL2.0_TP2.5_TSNone_SES13,False,False,False
,285,M15,M15_ADX20_SL2.0_TP3.0_TS4,55.0,27.27,0.29,-12.0,-12.0,-1.11,0.6582,-0.8469,176.0,2.7,19.0,36.0,0.0,54721.0,ADX20_SL2.0_TP3.0_TS4_SES13,False,False,False
,286,M15,M15_ADX20_SL2.0_TP3.0_TS8,45.0,20.0,0.2,-12.29,-12.29,-1.25,0.6862,-0.8543,175.42,3.0,1.0,44.0,0.0,54721.0,ADX20_SL2.0_TP3.0_TS8_SES13,False,False,False
,287,M15,M15_ADX20_SL2.0_TP3.0_TS12,43.0,18.6,0.18,-12.08,-12.08,-1.27,0.6744,-0.8442,175.85,3.1,1.0,42.0,0.0,54721.0,ADX20_SL2.0_TP3.0_TS12_SES13,False,False,False
,288,M15,M15_ADX20_SL2.0_TP3.0_TSNone,43.0,18.6,0.18,-12.29,-12.29,-1.28,0.6744,-0.8562,175.43,3.1,0.0,43.0,0.0,54721.0,ADX20_SL2.0_TP3.0_TSNone_SES13,False,False,False
,289,M15,M15_ADX22_SL1.0_TP1.5_TS4,52.0,32.69,0.49,-12.08,-12.22,-0.72,1.3521,-1.3471,175.84,2.2,12.0,38.0,2.0,54721.0,ADX22_SL1.0_TP1.5_TS4_SES13,False,False,False
,290,M15,M15_ADX22_SL1.0_TP1.5_TS8,36.0,22.22,0.34,-12.55,-12.55,-0.88,1.6215,-1.3599,174.89,2.1,0.0,34.0,2.0,54721.0,ADX22_SL1.0_TP1.5_TS8_SES13,False,False,False
,291,M15,M15_ADX22_SL1.0_TP1.5_TS12,36.0,22.22,0.34,-12.55,-12.55,-0.88,1.6215,-1.3599,174.89,2.1,0.0,34.0,2.0,54721.0,ADX22_SL1.0_TP1.5_TS12_SES13,False,False,False
,292,M15,M15_ADX22_SL1.0_TP1.5_TSNone,36.0,22.22,0.34,-12.55,-12.55,-0.88,1.6215,-1.3599,174.89,2.1,0.0,34.0,2.0,54721.0,ADX22_SL1.0_TP1.5_TSNone_SES13,False,False,False
,293,M15,M15_ADX22_SL1.0_TP2.0_TS4,54.0,33.33,0.51,-12.17,-12.35,-0.69,1.3844,-1.3681,175.67,2.3,14.0,39.0,1.0,54721.0,ADX22_SL1.0_TP2.0_TS4_SES13,False,False,False
,294,M15,M15_ADX22_SL1.0_TP2.0_TS8,36.0,22.22,0.37,-12.08,-12.08,-0.81,1.7489,-1.3624,175.85,2.1,0.0,35.0,1.0,54721.0,ADX22_SL1.0_TP2.0_TS8_SES13,False,False,False
,295,M15,M15_ADX22_SL1.0_TP2.0_TS12,36.0,22.22,0.37,-12.08,-12.08,-0.81,1.7489,-1.3624,175.85,2.1,0.0,35.0,1.0,54721.0,ADX22_SL1.0_TP2.0_TS12_SES13,False,False,False
,296,M15,M15_ADX22_SL1.0_TP2.0_TSNone,36.0,22.22,0.37,-12.08,-12.08,-0.81,1.7489,-1.3624,175.85,2.1,0.0,35.0,1.0,54721.0,ADX22_SL1.0_TP2.0_TSNone_SES13,False,False,False
,297,M15,M15_ADX22_SL1.0_TP2.5_TS4,46.0,28.26,0.43,-12.45,-12.63,-0.78,1.4567,-1.3282,175.11,2.1,9.0,37.0,0.0,54721.0,ADX22_SL1.0_TP2.5_TS4_SES13,False,False,False
,298,M15,M15_ADX22_SL1.0_TP2.5_TS8,32.0,18.75,0.28,-12.03,-12.03,-0.94,1.5417,-1.2808,175.95,2.2,0.0,32.0,0.0,54721.0,ADX22_SL1.0_TP2.5_TS8_SES13,False,False,False
,299,M15,M15_ADX22_SL1.0_TP2.5_TS12,32.0,18.75,0.28,-12.03,-12.03,-0.94,1.5417,-1.2808,175.95,2.2,0.0,32.0,0.0,54721.0,ADX22_SL1.0_TP2.5_TS12_SES13,False,False,False
,300,M15,M15_ADX22_SL1.0_TP2.5_TSNone,32.0,18.75,0.28,-12.03,-12.03,-0.94,1.5417,-1.2808,175.95,2.2,0.0,32.0,0.0,54721.0,ADX22_SL1.0_TP2.5_TSNone_SES13,False,False,False
,301,M15,M15_ADX22_SL1.0_TP3.0_TS4,46.0,28.26,0.43,-12.45,-12.63,-0.78,1.4567,-1.3282,175.11,2.1,9.0,37.0,0.0,54721.0,ADX22_SL1.0_TP3.0_TS4_SES13,False,False,False
,302,M15,M15_ADX22_SL1.0_TP3.0_TS8,32.0,18.75,0.28,-12.03,-12.03,-0.94,1.5417,-1.2808,175.95,2.2,0.0,32.0,0.0,54721.0,ADX22_SL1.0_TP3.0_TS8_SES13,False,False,False
,303,M15,M15_ADX22_SL1.0_TP3.0_TS12,32.0,18.75,0.28,-12.03,-12.03,-0.94,1.5417,-1.2808,175.95,2.2,0.0,32.0,0.0,54721.0,ADX22_SL1.0_TP3.0_TS12_SES13,False,False,False
,304,M15,M15_ADX22_SL1.0_TP3.0_TSNone,32.0,18.75,0.28,-12.03,-12.03,-0.94,1.5417,-1.2808,175.95,2.2,0.0,32.0,0.0,54721.0,ADX22_SL1.0_TP3.0_TSNone_SES13,False,False,False
,305,M15,M15_ADX22_SL1.5_TP1.5_TS4,52.0,32.69,0.38,-12.24,-12.24,-0.89,0.8983,-1.1356,175.53,2.5,16.0,34.0,2.0,54721.0,ADX22_SL1.5_TP1.5_TS4_SES13,False,False,False
,306,M15,M15_ADX22_SL1.5_TP1.5_TS8,45.0,24.44,0.33,-12.09,-12.09,-0.95,1.1049,-1.0684,175.83,2.6,0.0,43.0,2.0,54721.0,ADX22_SL1.5_TP1.5_TS8_SES13,False,False,False
,307,M15,M15_ADX22_SL1.5_TP1.5_TS12,45.0,24.44,0.33,-12.09,-12.09,-0.95,1.1049,-1.0684,175.83,2.6,0.0,43.0,2.0,54721.0,ADX22_SL1.5_TP1.5_TS12_SES13,False,False,False
,308,M15,M15_ADX22_SL1.5_TP1.5_TSNone,45.0,24.44,0.33,-12.09,-12.09,-0.95,1.1049,-1.0684,175.83,2.6,0.0,43.0,2.0,54721.0,ADX22_SL1.5_TP1.5_TSNone_SES13,False,False,False
,309,M15,M15_ADX22_SL1.5_TP2.0_TS4,54.0,33.33,0.4,-12.29,-12.29,-0.87,0.9194,-1.1425,175.42,2.6,18.0,35.0,1.0,54721.0,ADX22_SL1.5_TP2.0_TS4_SES13,False,False,False
,310,M15,M15_ADX22_SL1.5_TP2.0_TS8,46.0,23.91,0.34,-12.38,-12.38,-0.94,1.1685,-1.0749,175.23,2.7,0.0,45.0,1.0,54721.0,ADX22_SL1.5_TP2.0_TS8_SES13,False,False,False
,311,M15,M15_ADX22_SL1.5_TP2.0_TS12,46.0,23.91,0.34,-12.38,-12.38,-0.94,1.1685,-1.0749,175.23,2.7,0.0,45.0,1.0,54721.0,ADX22_SL1.5_TP2.0_TS12_SES13,False,False,False
,312,M15,M15_ADX22_SL1.5_TP2.0_TSNone,46.0,23.91,0.34,-12.38,-12.38,-0.94,1.1685,-1.0749,175.23,2.7,0.0,45.0,1.0,54721.0,ADX22_SL1.5_TP2.0_TSNone_SES13,False,False,False
,313,M15,M15_ADX22_SL1.5_TP2.5_TS4,46.0,28.26,0.34,-12.19,-12.19,-0.93,0.9691,-1.1205,175.62,2.5,13.0,33.0,0.0,54721.0,ADX22_SL1.5_TP2.5_TS4_SES13,False,False,False
,314,M15,M15_ADX22_SL1.5_TP2.5_TS8,36.0,19.44,0.22,-12.14,-12.14,-1.09,0.9835,-1.0745,175.72,2.6,0.0,36.0,0.0,54721.0,ADX22_SL1.5_TP2.5_TS8_SES13,False,False,False
,315,M15,M15_ADX22_SL1.5_TP2.5_TS12,36.0,19.44,0.22,-12.14,-12.14,-1.09,0.9835,-1.0745,175.72,2.6,0.0,36.0,0.0,54721.0,ADX22_SL1.5_TP2.5_TS12_SES13,False,False,False
,316,M15,M15_ADX22_SL1.5_TP2.5_TSNone,36.0,19.44,0.22,-12.14,-12.14,-1.09,0.9835,-1.0745,175.72,2.6,0.0,36.0,0.0,54721.0,ADX22_SL1.5_TP2.5_TSNone_SES13,False,False,False
,317,M15,M15_ADX22_SL1.5_TP3.0_TS4,46.0,28.26,0.34,-12.19,-12.19,-0.93,0.9691,-1.1205,175.62,2.5,13.0,33.0,0.0,54721.0,ADX22_SL1.5_TP3.0_TS4_SES13,False,False,False
,318,M15,M15_ADX22_SL1.5_TP3.0_TS8,36.0,19.44,0.22,-12.14,-12.14,-1.09,0.9835,-1.0745,175.72,2.6,0.0,36.0,0.0,54721.0,ADX22_SL1.5_TP3.0_TS8_SES13,False,False,False
,319,M15,M15_ADX22_SL1.5_TP3.0_TS12,36.0,19.44,0.22,-12.14,-12.14,-1.09,0.9835,-1.0745,175.72,2.6,0.0,36.0,0.0,54721.0,ADX22_SL1.5_TP3.0_TS12_SES13,False,False,False
,320,M15,M15_ADX22_SL1.5_TP3.0_TSNone,36.0,19.44,0.22,-12.14,-12.14,-1.09,0.9835,-1.0745,175.72,2.6,0.0,36.0,0.0,54721.0,ADX22_SL1.5_TP3.0_TSNone_SES13,False,False,False
,321,M15,M15_ADX22_SL2.0_TP1.5_TS4,61.0,31.15,0.34,-12.05,-12.05,-1.05,0.651,-0.8683,175.9,2.7,21.0,38.0,2.0,54721.0,ADX22_SL2.0_TP1.5_TS4_SES13,False,False,False
,322,M15,M15_ADX22_SL2.0_TP1.5_TS8,56.0,26.79,0.29,-12.33,-12.33,-1.13,0.6676,-0.8459,175.33,3.0,2.0,52.0,2.0,54721.0,ADX22_SL2.0_TP1.5_TS8_SES13,False,False,False
,323,M15,M15_ADX22_SL2.0_TP1.5_TS12,57.0,26.32,0.31,-12.0,-12.0,-1.08,0.7309,-0.8325,176.0,3.0,0.0,55.0,2.0,54721.0,ADX22_SL2.0_TP1.5_TS12_SES13,False,False,False
,324,M15,M15_ADX22_SL2.0_TP1.5_TSNone,57.0,26.32,0.31,-12.0,-12.0,-1.08,0.7309,-0.8325,176.0,3.0,0.0,55.0,2.0,54721.0,ADX22_SL2.0_TP1.5_TSNone_SES13,False,False,False
,325,M15,M15_ADX22_SL2.0_TP2.0_TS4,62.0,30.65,0.34,-12.69,-12.69,-1.07,0.6794,-0.8906,174.62,2.7,21.0,40.0,1.0,54721.0,ADX22_SL2.0_TP2.0_TS4_SES13,False,False,False
,326,M15,M15_ADX22_SL2.0_TP2.0_TS8,56.0,26.79,0.3,-12.09,-12.09,-1.09,0.7031,-0.8472,175.81,3.1,2.0,53.0,1.0,54721.0,ADX22_SL2.0_TP2.0_TS8_SES13,False,False,False
,327,M15,M15_ADX22_SL2.0_TP2.0_TS12,58.0,25.86,0.32,-12.06,-12.06,-1.07,0.7665,-0.8283,175.88,3.1,0.0,57.0,1.0,54721.0,ADX22_SL2.0_TP2.0_TS12_SES13,False,False,False
,328,M15,M15_ADX22_SL2.0_TP2.0_TSNone,58.0,25.86,0.32,-12.06,-12.06,-1.07,0.7665,-0.8283,175.88,3.1,0.0,57.0,1.0,54721.0,ADX22_SL2.0_TP2.0_TSNone_SES13,False,False,False
,329,M15,M15_ADX22_SL2.0_TP2.5_TS4,58.0,31.03,0.31,-12.19,-12.19,-1.09,0.6082,-0.8832,175.62,2.7,20.0,38.0,0.0,54721.0,ADX22_SL2.0_TP2.5_TS4_SES13,False,False,False
,330,M15,M15_ADX22_SL2.0_TP2.5_TS8,51.0,25.49,0.26,-12.18,-12.18,-1.16,0.6456,-0.8618,175.65,2.9,2.0,49.0,0.0,54721.0,ADX22_SL2.0_TP2.5_TS8_SES13,False,False,False
,331,M15,M15_ADX22_SL2.0_TP2.5_TS12,53.0,26.42,0.28,-12.11,-12.11,-1.12,0.6829,-0.8662,175.78,3.0,0.0,53.0,0.0,54721.0,ADX22_SL2.0_TP2.5_TS12_SES13,False,False,False
,332,M15,M15_ADX22_SL2.0_TP2.5_TSNone,53.0,26.42,0.28,-12.11,-12.11,-1.12,0.6829,-0.8662,175.78,3.0,0.0,53.0,0.0,54721.0,ADX22_SL2.0_TP2.5_TSNone_SES13,False,False,False
,333,M15,M15_ADX22_SL2.0_TP3.0_TS4,58.0,31.03,0.31,-12.19,-12.19,-1.09,0.6082,-0.8832,175.62,2.7,20.0,38.0,0.0,54721.0,ADX22_SL2.0_TP3.0_TS4_SES13,False,False,False
,334,M15,M15_ADX22_SL2.0_TP3.0_TS8,51.0,25.49,0.26,-12.18,-12.18,-1.16,0.6456,-0.8618,175.65,2.9,2.0,49.0,0.0,54721.0,ADX22_SL2.0_TP3.0_TS8_SES13,False,False,False
,335,M15,M15_ADX22_SL2.0_TP3.0_TS12,53.0,26.42,0.28,-12.11,-12.11,-1.12,0.6829,-0.8662,175.78,3.0,0.0,53.0,0.0,54721.0,ADX22_SL2.0_TP3.0_TS12_SES13,False,False,False
,336,M15,M15_ADX22_SL2.0_TP3.0_TSNone,53.0,26.42,0.28,-12.11,-12.11,-1.12,0.6829,-0.8662,175.78,3.0,0.0,53.0,0.0,54721.0,ADX22_SL2.0_TP3.0_TSNone_SES13,False,False,False
,337,M15,M15_ADX25_SL1.0_TP1.5_TS4,45.0,33.33,0.42,-12.36,-12.36,-0.8,1.2004,-1.4239,175.29,2.3,13.0,31.0,1.0,54721.0,ADX25_SL1.0_TP1.5_TS4_SES13,False,False,False
,338,M15,M15_ADX25_SL1.0_TP1.5_TS8,41.0,26.83,0.36,-12.69,-12.69,-0.87,1.2966,-1.3217,174.61,2.6,1.0,39.0,1.0,54721.0,ADX25_SL1.0_TP1.5_TS8_SES13,False,False,False
,339,M15,M15_ADX25_SL1.0_TP1.5_TS12,40.0,27.5,0.37,-12.17,-12.17,-0.84,1.2963,-1.3309,175.66,2.6,0.0,39.0,1.0,54721.0,ADX25_SL1.0_TP1.5_TS12_SES13,False,False,False
,340,M15,M15_ADX25_SL1.0_TP1.5_TSNone,40.0,27.5,0.37,-12.17,-12.17,-0.84,1.2963,-1.3309,175.66,2.6,0.0,39.0,1.0,54721.0,ADX25_SL1.0_TP1.5_TSNone_SES13,False,False,False
,341,M15,M15_ADX25_SL1.0_TP2.0_TS4,46.0,32.61,0.44,-12.09,-12.09,-0.76,1.2673,-1.3932,175.82,2.3,13.0,32.0,1.0,54721.0,ADX25_SL1.0_TP2.0_TS4_SES13,False,False,False
,342,M15,M15_ADX25_SL1.0_TP2.0_TS8,41.0,26.83,0.38,-12.26,-12.26,-0.81,1.3854,-1.3256,175.47,2.6,1.0,39.0,1.0,54721.0,ADX25_SL1.0_TP2.0_TS8_SES13,False,False,False
,343,M15,M15_ADX25_SL1.0_TP2.0_TS12,41.0,26.83,0.38,-12.46,-12.46,-0.82,1.3851,-1.3384,175.08,2.6,0.0,40.0,1.0,54721.0,ADX25_SL1.0_TP2.0_TS12_SES13,False,False,False
,344,M15,M15_ADX25_SL1.0_TP2.0_TSNone,41.0,26.83,0.38,-12.46,-12.46,-0.82,1.3851,-1.3384,175.08,2.6,0.0,40.0,1.0,54721.0,ADX25_SL1.0_TP2.0_TSNone_SES13,False,False,False
,345,M15,M15_ADX25_SL1.0_TP2.5_TS4,43.0,32.56,0.38,-12.47,-12.47,-0.86,1.0686,-1.3756,175.07,2.3,13.0,30.0,0.0,54721.0,ADX25_SL1.0_TP2.5_TS4_SES13,False,False,False
,346,M15,M15_ADX25_SL1.0_TP2.5_TS8,36.0,25.0,0.31,-12.07,-12.07,-0.92,1.1929,-1.2921,175.85,2.6,1.0,35.0,0.0,54721.0,ADX25_SL1.0_TP2.5_TS8_SES13,False,False,False
,347,M15,M15_ADX25_SL1.0_TP2.5_TS12,36.0,25.0,0.3,-12.27,-12.27,-0.92,1.1926,-1.3064,175.46,2.6,0.0,36.0,0.0,54721.0,ADX25_SL1.0_TP2.5_TS12_SES13,False,False,False
,348,M15,M15_ADX25_SL1.0_TP2.5_TSNone,36.0,25.0,0.3,-12.27,-12.27,-0.92,1.1926,-1.3064,175.46,2.6,0.0,36.0,0.0,54721.0,ADX25_SL1.0_TP2.5_TSNone_SES13,False,False,False
,349,M15,M15_ADX25_SL1.0_TP3.0_TS4,43.0,32.56,0.38,-12.47,-12.47,-0.86,1.0686,-1.3756,175.07,2.3,13.0,30.0,0.0,54721.0,ADX25_SL1.0_TP3.0_TS4_SES13,False,False,False
,350,M15,M15_ADX25_SL1.0_TP3.0_TS8,36.0,25.0,0.31,-12.07,-12.07,-0.92,1.1929,-1.2921,175.85,2.6,1.0,35.0,0.0,54721.0,ADX25_SL1.0_TP3.0_TS8_SES13,False,False,False
,351,M15,M15_ADX25_SL1.0_TP3.0_TS12,36.0,25.0,0.3,-12.27,-12.27,-0.92,1.1926,-1.3064,175.46,2.6,0.0,36.0,0.0,54721.0,ADX25_SL1.0_TP3.0_TS12_SES13,False,False,False
,352,M15,M15_ADX25_SL1.0_TP3.0_TSNone,36.0,25.0,0.3,-12.27,-12.27,-0.92,1.1926,-1.3064,175.46,2.6,0.0,36.0,0.0,54721.0,ADX25_SL1.0_TP3.0_TSNone_SES13,False,False,False
,353,M15,M15_ADX25_SL1.5_TP1.5_TS4,47.0,34.04,0.34,-12.12,-12.12,-0.93,0.7978,-1.1937,175.76,2.6,16.0,30.0,1.0,54721.0,ADX25_SL1.5_TP1.5_TS4_SES13,False,False,False
,354,M15,M15_ADX25_SL1.5_TP1.5_TS8,42.0,26.19,0.28,-12.19,-12.19,-1.01,0.8687,-1.0946,175.62,2.9,1.0,40.0,1.0,54721.0,ADX25_SL1.5_TP1.5_TS8_SES13,False,False,False
,355,M15,M15_ADX25_SL1.5_TP1.5_TS12,42.0,26.19,0.28,-12.32,-12.32,-1.01,0.8686,-1.1029,175.36,2.9,0.0,41.0,1.0,54721.0,ADX25_SL1.5_TP1.5_TS12_SES13,False,False,False
,356,M15,M15_ADX25_SL1.5_TP1.5_TSNone,42.0,26.19,0.28,-12.32,-12.32,-1.01,0.8686,-1.1029,175.36,2.9,0.0,41.0,1.0,54721.0,ADX25_SL1.5_TP1.5_TSNone_SES13,False,False,False
,357,M15,M15_ADX25_SL1.5_TP2.0_TS4,50.0,36.0,0.37,-12.27,-12.27,-0.9,0.7957,-1.2144,175.46,2.5,16.0,33.0,1.0,54721.0,ADX25_SL1.5_TP2.0_TS4_SES13,False,False,False
,358,M15,M15_ADX25_SL1.5_TP2.0_TS8,44.0,25.0,0.3,-12.11,-12.11,-0.98,0.9279,-1.0432,175.78,2.9,1.0,42.0,1.0,54721.0,ADX25_SL1.5_TP2.0_TS8_SES13,False,False,False
,359,M15,M15_ADX25_SL1.5_TP2.0_TS12,42.0,26.19,0.3,-12.03,-12.03,-0.97,0.9278,-1.1053,175.94,2.9,0.0,41.0,1.0,54721.0,ADX25_SL1.5_TP2.0_TS12_SES13,False,False,False
,360,M15,M15_ADX25_SL1.5_TP2.0_TSNone,42.0,26.19,0.3,-12.03,-12.03,-0.97,0.9278,-1.1053,175.94,2.9,0.0,41.0,1.0,54721.0,ADX25_SL1.5_TP2.0_TSNone_SES13,False,False,False
,361,M15,M15_ADX25_SL1.5_TP2.5_TS4,43.0,32.56,0.29,-12.19,-12.19,-0.99,0.7134,-1.1852,175.62,2.6,15.0,28.0,0.0,54721.0,ADX25_SL1.5_TP2.5_TS4_SES13,False,False,False
,362,M15,M15_ADX25_SL1.5_TP2.5_TS8,40.0,25.0,0.23,-12.37,-12.37,-1.07,0.7592,-1.0779,175.25,3.0,1.0,39.0,0.0,54721.0,ADX25_SL1.5_TP2.5_TS8_SES13,False,False,False
,363,M15,M15_ADX25_SL1.5_TP2.5_TS12,40.0,25.0,0.23,-12.5,-12.5,-1.08,0.759,-1.0865,175.0,3.0,0.0,40.0,0.0,54721.0,ADX25_SL1.5_TP2.5_TS12_SES13,False,False,False
,364,M15,M15_ADX25_SL1.5_TP2.5_TSNone,40.0,25.0,0.23,-12.5,-12.5,-1.08,0.759,-1.0865,175.0,3.0,0.0,40.0,0.0,54721.0,ADX25_SL1.5_TP2.5_TSNone_SES13,False,False,False
,365,M15,M15_ADX25_SL1.5_TP3.0_TS4,43.0,32.56,0.29,-12.19,-12.19,-0.99,0.7134,-1.1852,175.62,2.6,15.0,28.0,0.0,54721.0,ADX25_SL1.5_TP3.0_TS4_SES13,False,False,False
,366,M15,M15_ADX25_SL1.5_TP3.0_TS8,40.0,25.0,0.23,-12.37,-12.37,-1.07,0.7592,-1.0779,175.25,3.0,1.0,39.0,0.0,54721.0,ADX25_SL1.5_TP3.0_TS8_SES13,False,False,False
,367,M15,M15_ADX25_SL1.5_TP3.0_TS12,40.0,25.0,0.23,-12.5,-12.5,-1.08,0.759,-1.0865,175.0,3.0,0.0,40.0,0.0,54721.0,ADX25_SL1.5_TP3.0_TS12_SES13,False,False,False
,368,M15,M15_ADX25_SL1.5_TP3.0_TSNone,40.0,25.0,0.23,-12.5,-12.5,-1.08,0.759,-1.0865,175.0,3.0,0.0,40.0,0.0,54721.0,ADX25_SL1.5_TP3.0_TSNone_SES13,False,False,False
,369,M15,M15_ADX25_SL2.0_TP1.5_TS4,57.0,36.84,0.3,-12.55,-12.55,-1.1,0.5216,-1.0014,174.9,2.7,19.0,37.0,1.0,54721.0,ADX25_SL2.0_TP1.5_TS4_SES13,False,False,False
,370,M15,M15_ADX25_SL2.0_TP1.5_TS8,52.0,26.92,0.25,-12.24,-12.24,-1.16,0.5822,-0.8588,175.52,3.0,2.0,49.0,1.0,54721.0,ADX25_SL2.0_TP1.5_TS8_SES13,False,False,False
,371,M15,M15_ADX25_SL2.0_TP1.5_TS12,52.0,26.92,0.24,-12.63,-12.63,-1.18,0.5821,-0.8794,174.73,3.0,0.0,51.0,1.0,54721.0,ADX25_SL2.0_TP1.5_TS12_SES13,False,False,False
,372,M15,M15_ADX25_SL2.0_TP1.5_TSNone,52.0,26.92,0.24,-12.63,-12.63,-1.18,0.5821,-0.8794,174.73,3.0,0.0,51.0,1.0,54721.0,ADX25_SL2.0_TP1.5_TSNone_SES13,False,False,False
,373,M15,M15_ADX25_SL2.0_TP2.0_TS4,57.0,36.84,0.32,-12.33,-12.33,-1.07,0.5455,-1.0032,175.34,2.7,19.0,37.0,1.0,54721.0,ADX25_SL2.0_TP2.0_TS4_SES13,False,False,False
,374,M15,M15_ADX25_SL2.0_TP2.0_TS8,52.0,26.92,0.26,-12.02,-12.02,-1.12,0.6174,-0.8603,175.95,3.0,2.0,49.0,1.0,54721.0,ADX25_SL2.0_TP2.0_TS8_SES13,False,False,False
,375,M15,M15_ADX25_SL2.0_TP2.0_TS12,52.0,26.92,0.26,-12.42,-12.42,-1.14,0.6173,-0.881,175.17,3.0,0.0,51.0,1.0,54721.0,ADX25_SL2.0_TP2.0_TS12_SES13,False,False,False
,376,M15,M15_ADX25_SL2.0_TP2.0_TSNone,52.0,26.92,0.26,-12.42,-12.42,-1.14,0.6173,-0.881,175.17,3.0,0.0,51.0,1.0,54721.0,ADX25_SL2.0_TP2.0_TSNone_SES13,False,False,False
,377,M15,M15_ADX25_SL2.0_TP2.5_TS4,54.0,35.19,0.28,-12.16,-12.16,-1.12,0.4882,-0.9599,175.68,2.7,18.0,36.0,0.0,54721.0,ADX25_SL2.0_TP2.5_TS4_SES13,False,False,False
,378,M15,M15_ADX25_SL2.0_TP2.5_TS8,48.0,25.0,0.21,-12.19,-12.19,-1.21,0.5363,-0.8559,175.62,2.9,1.0,47.0,0.0,54721.0,ADX25_SL2.0_TP2.5_TS8_SES13,False,False,False
,379,M15,M15_ADX25_SL2.0_TP2.5_TS12,48.0,25.0,0.21,-12.29,-12.29,-1.21,0.5361,-0.8613,175.43,2.9,0.0,48.0,0.0,54721.0,ADX25_SL2.0_TP2.5_TS12_SES13,False,False,False
,380,M15,M15_ADX25_SL2.0_TP2.5_TSNone,48.0,25.0,0.21,-12.29,-12.29,-1.21,0.5361,-0.8613,175.43,2.9,0.0,48.0,0.0,54721.0,ADX25_SL2.0_TP2.5_TSNone_SES13,False,False,False
,381,M15,M15_ADX25_SL2.0_TP3.0_TS4,54.0,35.19,0.28,-12.16,-12.16,-1.12,0.4882,-0.9599,175.68,2.7,18.0,36.0,0.0,54721.0,ADX25_SL2.0_TP3.0_TS4_SES13,False,False,False
,382,M15,M15_ADX25_SL2.0_TP3.0_TS8,48.0,25.0,0.21,-12.19,-12.19,-1.21,0.5363,-0.8559,175.62,2.9,1.0,47.0,0.0,54721.0,ADX25_SL2.0_TP3.0_TS8_SES13,False,False,False
,383,M15,M15_ADX25_SL2.0_TP3.0_TS12,48.0,25.0,0.21,-12.29,-12.29,-1.21,0.5361,-0.8613,175.43,2.9,0.0,48.0,0.0,54721.0,ADX25_SL2.0_TP3.0_TS12_SES13,False,False,False
,384,M15,M15_ADX25_SL2.0_TP3.0_TSNone,48.0,25.0,0.21,-12.29,-12.29,-1.21,0.5361,-0.8613,175.43,2.9,0.0,48.0,0.0,54721.0,ADX25_SL2.0_TP3.0_TSNone_SES13,False,False,False
