adx,sl,trail,activation,ts,trades,win_rate,pf,ret,dd,final_eq
20,1.0,0.8,1.0,8,58,43.1,0.93,-2.26,-6.49,195.47
20,1.0,0.8,1.0,12,58,43.1,0.88,-3.23,-6.49,193.54
20,1.0,0.8,1.0,16,58,43.1,0.87,-3.55,-6.49,192.9
20,1.0,0.8,1.5,8,58,43.1,0.93,-2.26,-6.49,195.47
20,1.0,0.8,1.5,12,58,43.1,0.88,-3.23,-6.49,193.54
20,1.0,0.8,1.5,16,58,43.1,0.87,-3.55,-6.49,192.9
20,1.0,0.8,2.0,8,58,43.1,0.93,-2.26,-6.49,195.47
20,1.0,0.8,2.0,12,58,43.1,0.88,-3.23,-6.49,193.54
20,1.0,0.8,2.0,16,58,43.1,0.87,-3.55,-6.49,192.9
20,1.0,1.0,1.0,8,58,46.55,0.95,-1.88,-6.75,196.23
20,1.0,1.0,1.0,12,58,46.55,0.97,-1.47,-6.7,197.07
20,1.0,1.0,1.0,16,58,46.55,0.94,-1.97,-6.7,196.06
20,1.0,1.0,1.5,8,58,46.55,0.95,-1.88,-6.75,196.23
20,1.0,1.0,1.5,12,58,46.55,0.97,-1.47,-6.7,197.07
20,1.0,1.0,1.5,16,58,46.55,0.94,-1.97,-6.7,196.06
20,1.0,1.0,2.0,8,58,46.55,0.95,-1.88,-6.75,196.23
20,1.0,1.0,2.0,12,58,46.55,0.97,-1.47,-6.7,197.07
20,1.0,1.0,2.0,16,58,46.55,0.94,-1.97,-6.7,196.06
20,1.0,1.2,1.0,8,58,36.21,0.87,-3.97,-7.29,192.07
20,1.0,1.2,1.0,12,58,34.48,1.0,-0.64,-6.9,198.71
20,1.0,1.2,1.0,16,58,34.48,0.99,-0.94,-6.9,198.12
20,1.0,1.2,1.5,8,58,36.21,0.87,-3.97,-7.29,192.07
20,1.0,1.2,1.5,12,58,34.48,1.0,-0.64,-6.9,198.71
20,1.0,1.2,1.5,16,58,34.48,0.99,-0.94,-6.9,198.12
20,1.0,1.2,2.0,8,58,36.21,0.87,-3.97,-7.29,192.07
20,1.0,1.2,2.0,12,58,34.48,1.0,-0.64,-6.9,198.71
20,1.0,1.2,2.0,16,58,34.48,0.99,-0.94,-6.9,198.12
20,1.5,0.8,1.0,8,58,43.1,0.88,-2.34,-4.66,195.31
20,1.5,0.8,1.0,12,58,43.1,0.82,-3.32,-4.98,193.36
20,1.5,0.8,1.0,16,58,43.1,0.8,-3.53,-4.98,192.93
20,1.5,0.8,1.5,8,58,43.1,0.88,-2.34,-4.66,195.31
20,1.5,0.8,1.5,12,58,43.1,0.82,-3.32,-4.98,193.36
20,1.5,0.8,1.5,16,58,43.1,0.8,-3.53,-4.98,192.93
20,1.5,0.8,2.0,8,58,43.1,0.88,-2.34,-4.66,195.31
20,1.5,0.8,2.0,12,58,43.1,0.82,-3.32,-4.98,193.36
20,1.5,0.8,2.0,16,58,43.1,0.8,-3.53,-4.98,192.93
20,1.5,1.0,1.0,8,58,46.55,0.89,-2.33,-4.92,195.34
20,1.5,1.0,1.0,12,57,47.37,0.88,-2.54,-4.94,194.91
20,1.5,1.0,1.0,16,57,47.37,0.86,-2.88,-4.94,194.25
20,1.5,1.0,1.5,8,58,46.55,0.89,-2.33,-4.92,195.34
20,1.5,1.0,1.5,12,57,47.37,0.88,-2.54,-4.94,194.91
20,1.5,1.0,1.5,16,57,47.37,0.86,-2.88,-4.94,194.25
20,1.5,1.0,2.0,8,58,46.55,0.89,-2.33,-4.92,195.34
20,1.5,1.0,2.0,12,57,47.37,0.88,-2.54,-4.94,194.91
20,1.5,1.0,2.0,16,57,47.37,0.86,-2.88,-4.94,194.25
20,1.5,1.2,1.0,8,58,39.66,0.83,-3.62,-5.83,192.75
20,1.5,1.2,1.0,12,57,40.35,0.96,-1.19,-4.52,197.63
20,1.5,1.2,1.0,16,57,38.6,0.92,-1.87,-4.52,196.25
20,1.5,1.2,1.5,8,58,39.66,0.83,-3.62,-5.83,192.75
20,1.5,1.2,1.5,12,57,40.35,0.96,-1.19,-4.52,197.63
20,1.5,1.2,1.5,16,57,38.6,0.92,-1.87,-4.52,196.25
20,1.5,1.2,2.0,8,58,39.66,0.83,-3.62,-5.83,192.75
20,1.5,1.2,2.0,12,57,40.35,0.96,-1.19,-4.52,197.63
20,1.5,1.2,2.0,16,57,38.6,0.92,-1.87,-4.52,196.25
20,2.0,0.8,1.0,8,58,43.1,0.85,-2.14,-3.67,195.72
20,2.0,0.8,1.0,12,58,43.1,0.78,-2.98,-4.01,194.04
20,2.0,0.8,1.0,16,58,43.1,0.77,-3.14,-4.01,193.71
20,2.0,0.8,1.5,8,58,43.1,0.85,-2.14,-3.67,195.72
20,2.0,0.8,1.5,12,58,43.1,0.78,-2.98,-4.01,194.04
20,2.0,0.8,1.5,16,58,43.1,0.77,-3.14,-4.01,193.71
20,2.0,0.8,2.0,8,58,43.1,0.85,-2.14,-3.67,195.72
20,2.0,0.8,2.0,12,58,43.1,0.78,-2.98,-4.01,194.04
20,2.0,0.8,2.0,16,58,43.1,0.77,-3.14,-4.01,193.71
20,2.0,1.0,1.0,8,58,46.55,0.89,-1.84,-3.71,196.31
20,2.0,1.0,1.0,12,57,47.37,0.84,-2.39,-3.97,195.23
20,2.0,1.0,1.0,16,57,47.37,0.82,-2.66,-3.99,194.69
20,2.0,1.0,1.5,8,58,46.55,0.89,-1.84,-3.71,196.31
20,2.0,1.0,1.5,12,57,47.37,0.84,-2.39,-3.97,195.23
20,2.0,1.0,1.5,16,57,47.37,0.82,-2.66,-3.99,194.69
20,2.0,1.0,2.0,8,58,46.55,0.89,-1.84,-3.71,196.31
20,2.0,1.0,2.0,12,57,47.37,0.84,-2.39,-3.97,195.23
20,2.0,1.0,2.0,16,57,47.37,0.82,-2.66,-3.99,194.69
20,2.0,1.2,1.0,8,58,39.66,0.82,-2.94,-4.5,194.12
20,2.0,1.2,1.0,12,57,40.35,0.92,-1.46,-3.41,197.09
20,2.0,1.2,1.0,16,57,38.6,0.91,-1.63,-3.41,196.74
20,2.0,1.2,1.5,8,58,39.66,0.82,-2.94,-4.5,194.12
20,2.0,1.2,1.5,12,57,40.35,0.92,-1.46,-3.41,197.09
20,2.0,1.2,1.5,16,57,38.6,0.91,-1.63,-3.41,196.74
20,2.0,1.2,2.0,8,58,39.66,0.82,-2.94,-4.5,194.12
20,2.0,1.2,2.0,12,57,40.35,0.92,-1.46,-3.41,197.09
20,2.0,1.2,2.0,16,57,38.6,0.91,-1.63,-3.41,196.74
22,1.0,0.8,1.0,8,51,47.06,1.13,1.53,-6.32,203.07
22,1.0,0.8,1.0,12,51,47.06,1.07,0.53,-6.32,201.06
22,1.0,0.8,1.0,16,51,47.06,1.05,0.2,-6.32,200.39
22,1.0,0.8,1.5,8,51,47.06,1.13,1.53,-6.32,203.07
22,1.0,0.8,1.5,12,51,47.06,1.07,0.53,-6.32,201.06
22,1.0,0.8,1.5,16,51,47.06,1.05,0.2,-6.32,200.39
22,1.0,0.8,2.0,8,51,47.06,1.13,1.53,-6.32,203.07
22,1.0,0.8,2.0,12,51,47.06,1.07,0.53,-6.32,201.06
22,1.0,0.8,2.0,16,51,47.06,1.05,0.2,-6.32,200.39
22,1.0,1.0,1.0,8,51,47.06,1.06,0.45,-7.59,200.9
22,1.0,1.0,1.0,12,51,47.06,1.08,0.88,-7.59,201.76
22,1.0,1.0,1.0,16,51,47.06,1.06,0.37,-7.59,200.74
22,1.0,1.0,1.5,8,51,47.06,1.06,0.45,-7.59,200.9
22,1.0,1.0,1.5,12,51,47.06,1.08,0.88,-7.59,201.76
22,1.0,1.0,1.5,16,51,47.06,1.06,0.37,-7.59,200.74
22,1.0,1.0,2.0,8,51,47.06,1.06,0.45,-7.59,200.9
22,1.0,1.0,2.0,12,51,47.06,1.08,0.88,-7.59,201.76
22,1.0,1.0,2.0,16,51,47.06,1.06,0.37,-7.59,200.74
22,1.0,1.2,1.0,8,51,37.25,0.98,-1.26,-7.57,197.49
22,1.0,1.2,1.0,12,51,35.29,1.09,1.2,-7.57,202.4
22,1.0,1.2,1.0,16,51,35.29,1.08,0.91,-7.57,201.83
22,1.0,1.2,1.5,8,51,37.25,0.98,-1.26,-7.57,197.49
22,1.0,1.2,1.5,12,51,35.29,1.09,1.2,-7.57,202.4
22,1.0,1.2,1.5,16,51,35.29,1.08,0.91,-7.57,201.83
22,1.0,1.2,2.0,8,51,37.25,0.98,-1.26,-7.57,197.49
22,1.0,1.2,2.0,12,51,35.29,1.09,1.2,-7.57,202.4
22,1.0,1.2,2.0,16,51,35.29,1.08,0.91,-7.57,201.83
22,1.5,0.8,1.0,8,51,47.06,1.08,0.51,-4.54,201.02
22,1.5,0.8,1.0,12,51,47.06,1.0,-0.5,-4.87,199.01
22,1.5,0.8,1.0,16,51,47.06,0.98,-0.72,-4.87,198.56
22,1.5,0.8,1.5,8,51,47.06,1.08,0.51,-4.54,201.02
22,1.5,0.8,1.5,12,51,47.06,1.0,-0.5,-4.87,199.01
22,1.5,0.8,1.5,16,51,47.06,0.98,-0.72,-4.87,198.56
22,1.5,0.8,2.0,8,51,47.06,1.08,0.51,-4.54,201.02
22,1.5,0.8,2.0,12,51,47.06,1.0,-0.5,-4.87,199.01
22,1.5,0.8,2.0,16,51,47.06,0.98,-0.72,-4.87,198.56
22,1.5,1.0,1.0,8,51,47.06,1.03,-0.12,-5.12,199.76
22,1.5,1.0,1.0,12,50,48.0,1.01,-0.34,-5.55,199.32
22,1.5,1.0,1.0,16,50,48.0,0.99,-0.68,-5.55,198.64
22,1.5,1.0,1.5,8,51,47.06,1.03,-0.12,-5.12,199.76
22,1.5,1.0,1.5,12,50,48.0,1.01,-0.34,-5.55,199.32
22,1.5,1.0,1.5,16,50,48.0,0.99,-0.68,-5.55,198.64
22,1.5,1.0,2.0,8,51,47.06,1.03,-0.12,-5.12,199.76
22,1.5,1.0,2.0,12,50,48.0,1.01,-0.34,-5.55,199.32
22,1.5,1.0,2.0,16,50,48.0,0.99,-0.68,-5.55,198.64
22,1.5,1.2,1.0,8,51,41.18,0.98,-0.78,-4.81,198.45
22,1.5,1.2,1.0,12,50,42.0,1.11,1.09,-4.64,202.19
22,1.5,1.2,1.0,16,50,40.0,1.06,0.4,-4.64,200.8
22,1.5,1.2,1.5,8,51,41.18,0.98,-0.78,-4.81,198.45
22,1.5,1.2,1.5,12,50,42.0,1.11,1.09,-4.64,202.19
22,1.5,1.2,1.5,16,50,40.0,1.06,0.4,-4.64,200.8
22,1.5,1.2,2.0,8,51,41.18,0.98,-0.78,-4.81,198.45
22,1.5,1.2,2.0,12,50,42.0,1.11,1.09,-4.64,202.19
22,1.5,1.2,2.0,16,50,40.0,1.06,0.4,-4.64,200.8
22,2.0,0.8,1.0,8,51,47.06,1.04,-0.01,-3.58,199.99
22,2.0,0.8,1.0,12,51,47.06,0.95,-0.86,-3.93,198.27
22,2.0,0.8,1.0,16,51,47.06,0.93,-1.03,-3.93,197.94
22,2.0,0.8,1.5,8,51,47.06,1.04,-0.01,-3.58,199.99
22,2.0,0.8,1.5,12,51,47.06,0.95,-0.86,-3.93,198.27
22,2.0,0.8,1.5,16,51,47.06,0.93,-1.03,-3.93,197.94
22,2.0,0.8,2.0,8,51,47.06,1.04,-0.01,-3.58,199.99
22,2.0,0.8,2.0,12,51,47.06,0.95,-0.86,-3.93,198.27
22,2.0,0.8,2.0,16,51,47.06,0.93,-1.03,-3.93,197.94
22,2.0,1.0,1.0,8,51,47.06,1.02,-0.18,-3.73,199.64
22,2.0,1.0,1.0,12,50,48.0,0.97,-0.73,-4.43,198.54
22,2.0,1.0,1.0,16,50,48.0,0.94,-1.01,-4.45,197.99
22,2.0,1.0,1.5,8,51,47.06,1.02,-0.18,-3.73,199.64
22,2.0,1.0,1.5,12,50,48.0,0.97,-0.73,-4.43,198.54
22,2.0,1.0,1.5,16,50,48.0,0.94,-1.01,-4.45,197.99
22,2.0,1.0,2.0,8,51,47.06,1.02,-0.18,-3.73,199.64
22,2.0,1.0,2.0,12,50,48.0,0.97,-0.73,-4.43,198.54
22,2.0,1.0,2.0,16,50,48.0,0.94,-1.01,-4.45,197.99
22,2.0,1.2,1.0,8,51,41.18,0.97,-0.68,-3.62,198.63
22,2.0,1.2,1.0,12,50,42.0,1.06,0.36,-3.77,200.72
22,2.0,1.2,1.0,16,50,40.0,1.05,0.19,-3.43,200.39
22,2.0,1.2,1.5,8,51,41.18,0.97,-0.68,-3.62,198.63
22,2.0,1.2,1.5,12,50,42.0,1.06,0.36,-3.77,200.72
22,2.0,1.2,1.5,16,50,40.0,1.05,0.19,-3.43,200.39
22,2.0,1.2,2.0,8,51,41.18,0.97,-0.68,-3.62,198.63
22,2.0,1.2,2.0,12,50,42.0,1.06,0.36,-3.77,200.72
22,2.0,1.2,2.0,16,50,40.0,1.05,0.19,-3.43,200.39
25,1.0,0.8,1.0,8,41,48.78,0.93,-1.05,-5.37,197.9
25,1.0,0.8,1.0,12,41,48.78,0.9,-1.41,-5.37,197.18
25,1.0,0.8,1.0,16,41,48.78,0.88,-1.74,-5.37,196.52
25,1.0,0.8,1.5,8,41,48.78,0.93,-1.05,-5.37,197.9
25,1.0,0.8,1.5,12,41,48.78,0.9,-1.41,-5.37,197.18
25,1.0,0.8,1.5,16,41,48.78,0.88,-1.74,-5.37,196.52
25,1.0,0.8,2.0,8,41,48.78,0.93,-1.05,-5.37,197.9
25,1.0,0.8,2.0,12,41,48.78,0.9,-1.41,-5.37,197.18
25,1.0,0.8,2.0,16,41,48.78,0.88,-1.74,-5.37,196.52
25,1.0,1.0,1.0,8,41,46.34,0.79,-3.49,-6.65,193.02
25,1.0,1.0,1.0,12,41,46.34,0.92,-1.24,-6.65,197.52
25,1.0,1.0,1.0,16,41,46.34,0.88,-1.74,-6.65,196.52
25,1.0,1.0,1.5,8,41,46.34,0.79,-3.49,-6.65,193.02
25,1.0,1.0,1.5,12,41,46.34,0.92,-1.24,-6.65,197.52
25,1.0,1.0,1.5,16,41,46.34,0.88,-1.74,-6.65,196.52
25,1.0,1.0,2.0,8,41,46.34,0.79,-3.49,-6.65,193.02
25,1.0,1.0,2.0,12,41,46.34,0.92,-1.24,-6.65,197.52
25,1.0,1.0,2.0,16,41,46.34,0.88,-1.74,-6.65,196.52
25,1.0,1.2,1.0,8,41,34.15,0.76,-4.3,-6.64,191.41
25,1.0,1.2,1.0,12,41,34.15,0.91,-1.44,-6.64,197.12
25,1.0,1.2,1.0,16,41,34.15,0.9,-1.72,-6.64,196.56
25,1.0,1.2,1.5,8,41,34.15,0.76,-4.3,-6.64,191.41
25,1.0,1.2,1.5,12,41,34.15,0.91,-1.44,-6.64,197.12
25,1.0,1.2,1.5,16,41,34.15,0.9,-1.72,-6.64,196.56
25,1.0,1.2,2.0,8,41,34.15,0.76,-4.3,-6.64,191.41
25,1.0,1.2,2.0,12,41,34.15,0.91,-1.44,-6.64,197.12
25,1.0,1.2,2.0,16,41,34.15,0.9,-1.72,-6.64,196.56
25,1.5,0.8,1.0,8,41,48.78,0.91,-0.84,-3.58,198.32
25,1.5,0.8,1.0,12,41,48.78,0.86,-1.42,-3.91,197.16
25,1.5,0.8,1.0,16,41,48.78,0.83,-1.64,-3.91,196.73
25,1.5,0.8,1.5,8,41,48.78,0.91,-0.84,-3.58,198.32
25,1.5,0.8,1.5,12,41,48.78,0.86,-1.42,-3.91,197.16
25,1.5,0.8,1.5,16,41,48.78,0.83,-1.64,-3.91,196.73
25,1.5,0.8,2.0,8,41,48.78,0.91,-0.84,-3.58,198.32
25,1.5,0.8,2.0,12,41,48.78,0.86,-1.42,-3.91,197.16
25,1.5,0.8,2.0,16,41,48.78,0.83,-1.64,-3.91,196.73
25,1.5,1.0,1.0,8,41,46.34,0.79,-2.27,-4.16,195.47
25,1.5,1.0,1.0,12,41,46.34,0.85,-1.57,-4.59,196.86
25,1.5,1.0,1.0,16,41,46.34,0.82,-1.91,-4.59,196.19
25,1.5,1.0,1.5,8,41,46.34,0.79,-2.27,-4.16,195.47
25,1.5,1.0,1.5,12,41,46.34,0.85,-1.57,-4.59,196.86
25,1.5,1.0,1.5,16,41,46.34,0.82,-1.91,-4.59,196.19
25,1.5,1.0,2.0,8,41,46.34,0.79,-2.27,-4.16,195.47
25,1.5,1.0,2.0,12,41,46.34,0.85,-1.57,-4.59,196.86
25,1.5,1.0,2.0,16,41,46.34,0.82,-1.91,-4.59,196.19
25,1.5,1.2,1.0,8,41,39.02,0.82,-2.08,-3.57,195.83
25,1.5,1.2,1.0,12,41,41.46,0.97,-0.38,-3.68,199.24
25,1.5,1.2,1.0,16,41,39.02,0.91,-1.06,-3.68,197.87
25,1.5,1.2,1.5,8,41,39.02,0.82,-2.08,-3.57,195.83
25,1.5,1.2,1.5,12,41,41.46,0.97,-0.38,-3.68,199.24
25,1.5,1.2,1.5,16,41,39.02,0.91,-1.06,-3.68,197.87
25,1.5,1.2,2.0,8,41,39.02,0.82,-2.08,-3.57,195.83
25,1.5,1.2,2.0,12,41,41.46,0.97,-0.38,-3.68,199.24
25,1.5,1.2,2.0,16,41,39.02,0.91,-1.06,-3.68,197.87
25,2.0,0.8,1.0,8,41,48.78,0.87,-0.96,-2.78,198.08
25,2.0,0.8,1.0,12,41,48.78,0.81,-1.5,-3.13,197.01
25,2.0,0.8,1.0,16,41,48.78,0.79,-1.66,-3.13,196.68
25,2.0,0.8,1.5,8,41,48.78,0.87,-0.96,-2.78,198.08
25,2.0,0.8,1.5,12,41,48.78,0.81,-1.5,-3.13,197.01
25,2.0,0.8,1.5,16,41,48.78,0.79,-1.66,-3.13,196.68
25,2.0,0.8,2.0,8,41,48.78,0.87,-0.96,-2.78,198.08
25,2.0,0.8,2.0,12,41,48.78,0.81,-1.5,-3.13,197.01
25,2.0,0.8,2.0,16,41,48.78,0.79,-1.66,-3.13,196.68
25,2.0,1.0,1.0,8,41,46.34,0.76,-2.03,-3.22,195.95
25,2.0,1.0,1.0,12,41,46.34,0.82,-1.5,-3.55,197.0
25,2.0,1.0,1.0,16,41,46.34,0.79,-1.77,-3.57,196.45
25,2.0,1.0,1.5,8,41,46.34,0.76,-2.03,-3.22,195.95
25,2.0,1.0,1.5,12,41,46.34,0.82,-1.5,-3.55,197.0
25,2.0,1.0,1.5,16,41,46.34,0.79,-1.77,-3.57,196.45
25,2.0,1.0,2.0,8,41,46.34,0.76,-2.03,-3.22,195.95
25,2.0,1.0,2.0,12,41,46.34,0.82,-1.5,-3.55,197.0
25,2.0,1.0,2.0,16,41,46.34,0.79,-1.77,-3.57,196.45
25,2.0,1.2,1.0,8,41,39.02,0.79,-1.9,-2.94,196.2
25,2.0,1.2,1.0,12,41,41.46,0.93,-0.62,-2.82,198.76
25,2.0,1.2,1.0,16,41,39.02,0.86,-1.29,-2.98,197.42
25,2.0,1.2,1.5,8,41,39.02,0.79,-1.9,-2.94,196.2
25,2.0,1.2,1.5,12,41,41.46,0.93,-0.62,-2.82,198.76
25,2.0,1.2,1.5,16,41,39.02,0.86,-1.29,-2.98,197.42
25,2.0,1.2,2.0,8,41,39.02,0.79,-1.9,-2.94,196.2
25,2.0,1.2,2.0,12,41,41.46,0.93,-0.62,-2.82,198.76
25,2.0,1.2,2.0,16,41,39.02,0.86,-1.29,-2.98,197.42
